objectid,mb_code_2021,change_flag_2021,sa2_name_2021,Suburb_Name
1543,10017790000,0,Regents Park,Potts Hill
1549,10017830000,0,Lidcombe,Chullora
1561,10017870000,0,Regents Park,Chullora
1751,10019481000,0,Regents Park,Regents Park
1752,10019482000,0,Regents Park,Regents Park
1834,10020270000,0,Regents Park,Regents Park
1849,10020431000,0,Regents Park,Regents Park
1939,10021230000,0,Regents Park,Regents Park
1941,10021242000,0,Auburn - South,Regents Park
1942,10021243000,0,Auburn - South,Regents Park
2043,10022310000,0,Regents Park,Regents Park
2059,10022511000,0,Regents Park,Regents Park
2769,10031630000,0,Bankstown - South,Condell Park
2770,10031640000,0,Bankstown - South,Bankstown
2771,10031650000,0,Bankstown - South,Bankstown
2772,10031660000,0,Bankstown - North,Bankstown
2773,10031670000,0,Bankstown - North,Bankstown
2774,10031680000,0,Punchbowl,Punchbowl
2787,10031820000,0,Bankstown - North,Bankstown
2788,10031850000,0,Bankstown - North,Bankstown
2789,10031860000,0,Bankstown - North,Bankstown
2790,10031880000,0,Bankstown - North,Bankstown
2791,10031890000,0,Bankstown - North,Bankstown
2792,10031900000,0,Bankstown - North,Bankstown
2793,10031910000,0,Bankstown - South,Condell Park
2794,10031920000,0,Bankstown - South,Bankstown
2842,10032470000,0,Bankstown - South,Bankstown
2843,10032480000,0,Bankstown - South,Bankstown
2844,10032490000,0,Bankstown - South,Bankstown
2845,10032500000,0,Bankstown - South,Bankstown
2846,10032510000,0,Bankstown - South,Bankstown
2847,10032521000,0,Bankstown - South,Bankstown
2848,10032522000,0,Bankstown - South,Bankstown
2849,10032530000,0,Bankstown - South,Bankstown
2850,10032560000,0,Bankstown - South,Bankstown
2851,10032570000,0,Bankstown - South,Bankstown
2852,10032580000,0,Bankstown - South,Bankstown
2853,10032590000,0,Bankstown - South,Bankstown
2854,10032600000,0,Bankstown - South,Bankstown
2855,10032610000,0,Bankstown - South,Bankstown
2856,10032620000,0,Bankstown - South,Bankstown
2857,10032640000,0,Bankstown - South,Bankstown
2858,10032650000,0,Bankstown - South,Bankstown
2859,10032660000,0,Bankstown - South,Bankstown
2861,10032691000,0,Bankstown - North,Bankstown
2862,10032692000,0,Bankstown - North,Bankstown
2863,10032700000,0,Bankstown - North,Bankstown
2864,10032710000,0,Bankstown - North,Bankstown
2865,10032720000,0,Bankstown - North,Bankstown
2866,10032730000,0,Bankstown - North,Bankstown
2867,10032770000,0,Bankstown - North,Bankstown
2868,10032780000,0,Bankstown - North,Bankstown
2869,10032790000,0,Bankstown - North,Bankstown
2870,10032800000,0,Yagoona - Birrong,Yagoona
2871,10032810000,0,Yagoona - Birrong,Yagoona
2872,10032830000,0,Bankstown - North,Bankstown
2873,10032840000,0,Bankstown - North,Bankstown
2874,10032850000,0,Bankstown - North,Bankstown
2875,10032860000,0,Bankstown - North,Bankstown
2876,10032870000,0,Bankstown - North,Bankstown
2877,10032890000,0,Chullora,Greenacre
2878,10032900000,0,Chullora,Greenacre
2882,10032942000,0,Chullora,Chullora
2883,10032951000,0,Chullora,Yagoona
2884,10032952000,0,Chullora,Yagoona
2885,10032953000,0,Chullora,Yagoona
2886,10032960000,0,Bankstown - North,Bankstown
2887,10032971000,0,Chullora,Greenacre
2888,10032972000,0,Chullora,Greenacre
3091,10034820000,0,Bankstown - South,Bankstown
3094,10034850000,0,Bankstown - South,Bankstown
3095,10034860000,0,Bankstown - South,Bankstown
3097,10034880000,0,Punchbowl,Punchbowl
3100,10034900000,0,Punchbowl,Punchbowl
3101,10034911000,0,Punchbowl,Bankstown
3105,10034941000,0,Punchbowl,Punchbowl
3106,10034942000,0,Punchbowl,Punchbowl
3108,10034980000,0,Punchbowl,Punchbowl
3123,10035170000,0,Bankstown - North,Bankstown
3124,10035180000,0,Bankstown - North,Bankstown
3125,10035190000,0,Bankstown - North,Bankstown
3126,10035210000,0,Bankstown - North,Bankstown
3127,10035220000,0,Bankstown - North,Bankstown
3128,10035230000,0,Bankstown - North,Bankstown
3129,10035240000,0,Bankstown - North,Bankstown
3130,10035250000,0,Bankstown - North,Bankstown
3131,10035260000,0,Bankstown - North,Bankstown
3133,10035270000,0,Bankstown - North,Bankstown
3134,10035280000,0,Bankstown - North,Bankstown
3135,10035290000,0,Bankstown - North,Bankstown
3136,10035300000,0,Bankstown - North,Bankstown
3137,10035310000,0,Bankstown - North,Bankstown
3138,10035320000,0,Bankstown - North,Bankstown
3139,10035330000,0,Bankstown - North,Bankstown
3140,10035340000,0,Bankstown - North,Bankstown
3141,10035350000,0,Bankstown - North,Bankstown
3142,10035360000,0,Bankstown - North,Bankstown
3143,10035370000,0,Bankstown - North,Bankstown
3144,10035380000,0,Bankstown - North,Bankstown
3145,10035390000,0,Bankstown - North,Bankstown
3146,10035400000,0,Bankstown - North,Bankstown
3147,10035410000,0,Bankstown - North,Bankstown
3148,10035420000,0,Bankstown - North,Bankstown
3153,10035510000,0,Bankstown - North,Bankstown
3154,10035520000,0,Bankstown - North,Bankstown
3158,10035560000,0,Bankstown - North,Bankstown
3159,10035570000,0,Bankstown - North,Bankstown
3160,10035591000,0,Bankstown - North,Bankstown
3161,10035611000,0,Bankstown - North,Bankstown
3162,10035612000,0,Bankstown - North,Bankstown
3163,10035613000,0,Bankstown - North,Bankstown
3164,10035614000,0,Bankstown - North,Bankstown
3165,10035616000,0,Bankstown - North,Bankstown
3166,10035630000,0,Bankstown - North,Bankstown
3167,10035641000,0,Bankstown - North,Bankstown
3168,10035650000,0,Bankstown - North,Bankstown
3169,10035661000,0,Bankstown - South,Bankstown
3170,10035662000,0,Bankstown - North,Bankstown
3171,10035671000,0,Bankstown - North,Bankstown
3172,10035672000,0,Bankstown - North,Bankstown
3173,10035673000,0,Bankstown - North,Bankstown
3174,10035713000,0,Yagoona - Birrong,Yagoona
3175,10035714000,0,Yagoona - Birrong,Yagoona
3176,10035715000,0,Bankstown - North,Yagoona
3177,10035716000,0,Bankstown - North,Yagoona
3178,10035720000,0,Bankstown - North,Bankstown
3179,10035730000,0,Bankstown - North,Bankstown
3180,10035740000,0,Bankstown - North,Bankstown
3181,10035750000,0,Bankstown - North,Bankstown
3182,10035760000,0,Bankstown - North,Bankstown
3183,10035770000,0,Bankstown - North,Bankstown
3184,10035780000,0,Bankstown - North,Bankstown
3185,10035790000,0,Bankstown - North,Bankstown
3186,10035801000,0,Bankstown - North,Bankstown
3187,10035802000,0,Bankstown - North,Bankstown
3188,10035810000,0,Bankstown - North,Bankstown
3189,10035830000,0,Bankstown - North,Bankstown
3190,10035860000,0,Bankstown - North,Bankstown
3191,10035880000,0,Bankstown - North,Bankstown
3192,10035890000,0,Bankstown - North,Bankstown
3193,10035900000,0,Bankstown - North,Bankstown
3194,10035910000,0,Bankstown - North,Bankstown
3195,10035920000,0,Bankstown - North,Bankstown
3196,10035930000,0,Bankstown - North,Bankstown
3197,10035940000,0,Bankstown - North,Bankstown
3198,10035950000,0,Bankstown - North,Bankstown
3199,10035960000,0,Bankstown - North,Bankstown
3200,10035970000,0,Bankstown - North,Bankstown
3201,10035990000,0,Bankstown - North,Bankstown
3202,10036000000,0,Bankstown - North,Bankstown
3203,10036010000,0,Bankstown - North,Bankstown
3204,10036030000,0,Bankstown - North,Bankstown
3205,10036050000,0,Bankstown - North,Bankstown
3206,10036061000,0,Bankstown - North,Bankstown
3207,10036080000,0,Bankstown - North,Bankstown
3208,10036100000,0,Bankstown - North,Bankstown
3209,10036120000,0,Bankstown - North,Bankstown
3210,10036130000,0,Bankstown - North,Yagoona
3211,10036140000,0,Bankstown - North,Bankstown
3212,10036150000,0,Bankstown - North,Bankstown
3213,10036160000,0,Bankstown - North,Bankstown
3214,10036170000,0,Bankstown - North,Bankstown
3215,10036180000,0,Bankstown - North,Bankstown
3216,10036191000,0,Bankstown - North,Bankstown
3217,10036192000,0,Bankstown - North,Bankstown
3218,10036200000,0,Bankstown - North,Bankstown
3219,10036210000,0,Bankstown - North,Bankstown
3220,10036220000,0,Bankstown - North,Bankstown
3221,10036230000,0,Bankstown - North,Bankstown
3222,10036240000,0,Bankstown - North,Bankstown
3223,10036250000,0,Bankstown - North,Bankstown
3224,10036270000,0,Bankstown - North,Bankstown
3225,10036280000,0,Bankstown - North,Bankstown
3226,10036290000,0,Bankstown - North,Bankstown
3227,10036300000,0,Bankstown - North,Bankstown
3228,10036310000,0,Bankstown - North,Bankstown
3229,10036321000,0,Bankstown - North,Bankstown
3230,10036322000,0,Bankstown - North,Bankstown
3231,10036351000,0,Bankstown - South,Condell Park
3232,10036352000,0,Bankstown - South,Condell Park
3233,10036360000,0,Bankstown - South,Bankstown
3234,10036370000,0,Condell Park,Condell Park
3235,10036380000,0,Condell Park,Condell Park
3236,10036390000,0,Condell Park,Condell Park
3237,10036400000,0,Condell Park,Condell Park
3238,10036430000,0,Bankstown - South,Bankstown
3239,10036440000,0,Bankstown - South,Bankstown
3240,10036450000,0,Bankstown - South,Bankstown
3241,10036470000,0,Bankstown - South,Bankstown
3242,10036480000,0,Bankstown - South,Bankstown
3243,10036490000,0,Bankstown - South,Bankstown
3244,10036500000,0,Bankstown - South,Bankstown
3245,10036510000,0,Bankstown - South,Bankstown
3246,10036520000,0,Bankstown - South,Bankstown
3247,10036530000,0,Bankstown - South,Bankstown
3248,10036540000,0,Bankstown - South,Bankstown
3249,10036550000,0,Bankstown - South,Bankstown
3250,10036560000,0,Bankstown - South,Bankstown
3251,10036570000,0,Bankstown - South,Bankstown
3252,10036580000,0,Bankstown - South,Bankstown
3253,10036590000,0,Bankstown - South,Bankstown
3254,10036600000,0,Bankstown - South,Bankstown
3255,10036610000,0,Bankstown - South,Bankstown
3256,10036620000,0,Bankstown - South,Bankstown
3257,10036640000,0,Bankstown - South,Bankstown
3258,10036650000,0,Bankstown - South,Bankstown
3259,10036660000,0,Bankstown - South,Bankstown
3260,10036670000,0,Bankstown - South,Bankstown
3261,10036680000,0,Bankstown - South,Bankstown
3262,10036690000,0,Bankstown - South,Bankstown
3263,10036710000,0,Bankstown - South,Bankstown
3264,10036720000,0,Bankstown - South,Bankstown
3265,10036730000,0,Bankstown - South,Bankstown
3266,10036740000,0,Bankstown - South,Bankstown
3267,10036750000,0,Bankstown - South,Bankstown
3268,10036760000,0,Bankstown - South,Bankstown
3269,10036770000,0,Bankstown - South,Bankstown
3270,10036780000,0,Bankstown - South,Bankstown
3271,10036800000,0,Bankstown - South,Bankstown
3272,10036810000,0,Bankstown - South,Bankstown
3273,10036820000,0,Bankstown - South,Bankstown
3274,10036830000,0,Bankstown - South,Bankstown
3275,10036840000,0,Bankstown - South,Bankstown
3276,10036870000,0,Bankstown - South,Bankstown
3277,10036880000,0,Bankstown - South,Bankstown
3278,10036890000,0,Bankstown - South,Bankstown
3279,10036900000,0,Bankstown - South,Bankstown
3280,10036910000,0,Bankstown - South,Bankstown
3281,10036930000,0,Bankstown - South,Bankstown
3282,10036940000,0,Bankstown - South,Bankstown
3283,10036950000,0,Bankstown - South,Bankstown
3284,10036980000,0,Bankstown - South,Bankstown
3285,10036990000,0,Bankstown - South,Bankstown
3286,10037000000,0,Bankstown - South,Bankstown
3287,10037010000,0,Bankstown - South,Bankstown
3288,10037020000,0,Bankstown - South,Bankstown
3289,10037030000,0,Bankstown - South,Bankstown
3290,10037040000,0,Bankstown - South,Bankstown
3291,10037050000,0,Bankstown - South,Bankstown
3292,10037060000,0,Bankstown - South,Bankstown
3293,10037070000,0,Bankstown - South,Bankstown
3294,10037080000,0,Bankstown - South,Bankstown
3295,10037090000,0,Bankstown - South,Bankstown
3296,10037100000,0,Bankstown - South,Bankstown
3297,10037110000,0,Bankstown - South,Bankstown
3298,10037120000,0,Bankstown - South,Bankstown
3299,10037131000,0,Bankstown - South,Bankstown
3300,10037132000,0,Bankstown - South,Bankstown
3301,10037133000,0,Bankstown - South,Bankstown
3302,10037134000,0,Bankstown - South,Bankstown
3303,10037135000,0,Bankstown - South,Bankstown
3304,10037136000,0,Bankstown - South,Bankstown
3305,10037140000,0,Bankstown - South,Bankstown
3306,10037151000,0,Bankstown - South,Bankstown
3307,10037152000,0,Bankstown - South,Bankstown
3308,10037153000,0,Bankstown - South,Bankstown
3309,10037160000,0,Bankstown - South,Bankstown
3310,10037171000,0,Bankstown - South,Bankstown
3311,10037172000,0,Bankstown - South,Bankstown
3312,10037180000,0,Bankstown - South,Bankstown
3313,10037200000,0,Bankstown - South,Bankstown
3314,10037251000,0,Bankstown - South,Bankstown
3315,10037252000,0,Bankstown - South,Bankstown
3316,10037253000,0,Bankstown - South,Bankstown
3317,10037261000,0,Bankstown - South,Bankstown
3318,10037262000,0,Bankstown - South,Bankstown
3319,10037263000,0,Bankstown - South,Bankstown
3320,10037271000,0,Bankstown - South,Bankstown
3321,10037272000,0,Bankstown - South,Bankstown
3322,10037273000,0,Bankstown - South,Bankstown
3323,10037274000,0,Bankstown - South,Bankstown
3324,10037280000,0,Bankstown - South,Bankstown
3325,10037290000,0,Bankstown - South,Bankstown
3326,10037313000,0,Bankstown - South,Bankstown
3327,10037314000,0,Bankstown - South,Bankstown
3328,10037318000,0,Bankstown - South,Bankstown
3329,10037332000,0,Bankstown - South,Bankstown
3340,10037430000,0,Bankstown - North,Bankstown
3342,10037450000,0,Bankstown - North,Bankstown
3343,10037460000,0,Bass Hill - Georges Hall,Georges Hall
3344,10037470000,0,Bass Hill - Georges Hall,Villawood
3345,10037480000,0,Bass Hill - Georges Hall,Georges Hall
3346,10037500000,0,Bass Hill - Georges Hall,Villawood
3347,10037510000,0,Bass Hill - Georges Hall,Villawood
3348,10037520000,0,Bass Hill - Georges Hall,Villawood
3349,10037530000,0,Bass Hill - Georges Hall,Villawood
3350,10037550000,0,Bass Hill - Georges Hall,Georges Hall
3351,10037560000,0,Bass Hill - Georges Hall,Bass Hill
3352,10037570000,0,Bass Hill - Georges Hall,Villawood
3353,10037580000,0,Bass Hill - Georges Hall,Georges Hall
3354,10037590000,0,Bass Hill - Georges Hall,Villawood
3355,10037600000,0,Bass Hill - Georges Hall,Georges Hall
3356,10037610000,0,Bass Hill - Georges Hall,Villawood
3357,10037620000,0,Bass Hill - Georges Hall,Villawood
3358,10037630000,0,Bass Hill - Georges Hall,Georges Hall
3359,10037650000,0,Bass Hill - Georges Hall,Georges Hall
3360,10037660000,0,Chester Hill - Sefton,Chester Hill
3361,10037670000,0,Bass Hill - Georges Hall,Georges Hall
3362,10037680000,0,Bass Hill - Georges Hall,Georges Hall
3363,10037690000,0,Chester Hill - Sefton,Chester Hill
3364,10037700000,0,Chester Hill - Sefton,Chester Hill
3365,10037710000,0,Bass Hill - Georges Hall,Bass Hill
3366,10037720000,0,Chester Hill - Sefton,Chester Hill
3367,10037730000,0,Chester Hill - Sefton,Chester Hill
3368,10037740000,0,Bass Hill - Georges Hall,Bass Hill
3369,10037760000,0,Chester Hill - Sefton,Chester Hill
3370,10037770000,0,Condell Park,Condell Park
3371,10037780000,0,Chester Hill - Sefton,Chester Hill
3372,10037790000,0,Condell Park,Condell Park
3373,10037800000,0,Condell Park,Condell Park
3374,10037810000,0,Condell Park,Condell Park
3375,10037820000,0,Yagoona - Birrong,Yagoona
3376,10037830000,0,Condell Park,Condell Park
3377,10037840000,0,Condell Park,Condell Park
3378,10037850000,0,Condell Park,Condell Park
3379,10037860000,0,Condell Park,Condell Park
3380,10037870000,0,Yagoona - Birrong,Yagoona
3381,10037880000,0,Chester Hill - Sefton,Sefton
3382,10037890000,0,Yagoona - Birrong,Yagoona
3383,10037910000,0,Chester Hill - Sefton,Sefton
3384,10037930000,0,Yagoona - Birrong,Yagoona
3385,10037940000,0,Yagoona - Birrong,Yagoona
3386,10037950000,0,Chester Hill - Sefton,Sefton
3387,10037960000,0,Condell Park,Condell Park
3388,10037970000,0,Condell Park,Condell Park
3389,10037980000,0,Condell Park,Condell Park
3390,10037990000,0,Condell Park,Condell Park
3391,10038000000,0,Condell Park,Condell Park
3392,10038010000,0,Condell Park,Condell Park
3393,10038020000,0,Condell Park,Condell Park
3394,10038030000,0,Yagoona - Birrong,Yagoona
3395,10038040000,0,Condell Park,Condell Park
3396,10038050000,0,Yagoona - Birrong,Yagoona
3397,10038060000,0,Condell Park,Condell Park
3398,10038070000,0,Yagoona - Birrong,Yagoona
3399,10038080000,0,Yagoona - Birrong,Yagoona
3400,10038090000,0,Yagoona - Birrong,Yagoona
3401,10038100000,0,Yagoona - Birrong,Yagoona
3402,10038110000,0,Yagoona - Birrong,Yagoona
3403,10038120000,0,Yagoona - Birrong,Yagoona
3404,10038170000,0,Condell Park,Condell Park
3405,10038180000,0,Condell Park,Condell Park
3406,10038190000,0,Condell Park,Condell Park
3407,10038200000,0,Condell Park,Revesby
3408,10038210000,0,Condell Park,Condell Park
3409,10038220000,0,Bass Hill - Georges Hall,Lansdowne
3410,10038230000,0,Regents Park,Potts Hill
3411,10038250000,0,Chester Hill - Sefton,Chester Hill
3412,10038270000,0,Chester Hill - Sefton,Chester Hill
3413,10038280000,0,Chester Hill - Sefton,Chester Hill
3414,10038300000,0,Chester Hill - Sefton,Chester Hill
3415,10038310000,0,Chester Hill - Sefton,Chester Hill
3416,10038320000,0,Chester Hill - Sefton,Chester Hill
3417,10038360000,0,Chester Hill - Sefton,Chester Hill
3418,10038370000,0,Chester Hill - Sefton,Chester Hill
3419,10038380000,0,Chester Hill - Sefton,Chester Hill
3420,10038410000,0,Chester Hill - Sefton,Sefton
3421,10038420000,0,Chester Hill - Sefton,Sefton
3422,10038450000,0,Chester Hill - Sefton,Sefton
3423,10038460000,0,Chester Hill - Sefton,Sefton
3424,10038470000,0,Chester Hill - Sefton,Sefton
3425,10038480000,0,Chester Hill - Sefton,Sefton
3426,10038490000,0,Regents Park,Regents Park
3427,10038500000,0,Regents Park,Regents Park
3428,10038510000,0,Yagoona - Birrong,Birrong
3429,10038520000,0,Regents Park,Regents Park
3430,10038530000,0,Yagoona - Birrong,Birrong
3431,10038540000,0,Yagoona - Birrong,Birrong
3432,10038550000,0,Yagoona - Birrong,Birrong
3433,10038570000,0,Yagoona - Birrong,Birrong
3434,10038580000,0,Yagoona - Birrong,Birrong
3435,10038590000,0,Yagoona - Birrong,Birrong
3436,10038600000,0,Yagoona - Birrong,Yagoona
3437,10038610000,0,Yagoona - Birrong,Yagoona
3438,10038620000,0,Yagoona - Birrong,Yagoona
3439,10038630000,0,Yagoona - Birrong,Yagoona
3440,10038640000,0,Yagoona - Birrong,Birrong
3441,10038650000,0,Yagoona - Birrong,Yagoona
3442,10038660000,0,Yagoona - Birrong,Yagoona
3443,10038670000,0,Yagoona - Birrong,Birrong
3444,10038680000,0,Chester Hill - Sefton,Sefton
3445,10038690000,0,Chester Hill - Sefton,Sefton
3446,10038700000,0,Chester Hill - Sefton,Sefton
3447,10038710000,0,Chester Hill - Sefton,Sefton
3448,10038720000,0,Chester Hill - Sefton,Sefton
3449,10038731000,0,Chester Hill - Sefton,Sefton
3450,10038733000,0,Chester Hill - Sefton,Sefton
3451,10038735000,0,Chester Hill - Sefton,Sefton
3452,10038740000,0,Yagoona - Birrong,Birrong
3453,10038760000,0,Yagoona - Birrong,Yagoona
3454,10038770000,0,Yagoona - Birrong,Yagoona
3455,10038780000,0,Yagoona - Birrong,Yagoona
3456,10038800000,0,Yagoona - Birrong,Yagoona
3457,10038810000,0,Yagoona - Birrong,Yagoona
3458,10038821000,0,Yagoona - Birrong,Yagoona
3459,10038822000,0,Yagoona - Birrong,Yagoona
3460,10038830000,0,Yagoona - Birrong,Yagoona
3461,10038840000,0,Yagoona - Birrong,Yagoona
3462,10038850000,0,Yagoona - Birrong,Yagoona
3463,10038860000,0,Bass Hill - Georges Hall,Lansdowne
3464,10038870000,0,Yagoona - Birrong,Yagoona
3465,10038880000,0,Yagoona - Birrong,Yagoona
3466,10038890000,0,Yagoona - Birrong,Yagoona
3467,10038900000,0,Yagoona - Birrong,Yagoona
3468,10038920000,0,Yagoona - Birrong,Yagoona
3469,10038940000,0,Yagoona - Birrong,Yagoona
3470,10038950000,0,Yagoona - Birrong,Yagoona
3471,10038960000,0,Yagoona - Birrong,Yagoona
3472,10038970000,0,Yagoona - Birrong,Yagoona
3473,10038980000,0,Yagoona - Birrong,Yagoona
3474,10039010000,0,Bass Hill - Georges Hall,Georges Hall
3475,10039020000,0,Bass Hill - Georges Hall,Bass Hill
3476,10039070000,0,Bass Hill - Georges Hall,Georges Hall
3477,10039080000,0,Bass Hill - Georges Hall,Georges Hall
3478,10039090000,0,Bass Hill - Georges Hall,Georges Hall
3479,10039100000,0,Bass Hill - Georges Hall,Georges Hall
3480,10039110000,0,Bass Hill - Georges Hall,Georges Hall
3481,10039130000,0,Bass Hill - Georges Hall,Georges Hall
3482,10039170000,0,Bass Hill - Georges Hall,Georges Hall
3483,10039180000,0,Bass Hill - Georges Hall,Georges Hall
3484,10039200000,0,Bass Hill - Georges Hall,Georges Hall
3485,10039230000,0,Bass Hill - Georges Hall,Georges Hall
3486,10039240000,0,Bass Hill - Georges Hall,Georges Hall
3487,10039250000,0,Bass Hill - Georges Hall,Georges Hall
3488,10039260000,0,Bass Hill - Georges Hall,Georges Hall
3489,10039270000,0,Bass Hill - Georges Hall,Georges Hall
3490,10039290000,0,Yagoona - Birrong,Yagoona
3491,10039300000,0,Yagoona - Birrong,Yagoona
3492,10039310000,0,Yagoona - Birrong,Yagoona
3493,10039320000,0,Condell Park,Condell Park
3494,10039330000,0,Condell Park,Condell Park
3495,10039350000,0,Condell Park,Condell Park
3496,10039360000,0,Condell Park,Condell Park
3497,10039370000,0,Condell Park,Condell Park
3498,10039390000,0,Condell Park,Condell Park
3499,10039400000,0,Condell Park,Condell Park
3500,10039410000,0,Condell Park,Condell Park
3501,10039420000,0,Condell Park,Condell Park
3502,10039440000,0,Condell Park,Condell Park
3503,10039450000,0,Condell Park,Condell Park
3504,10039470000,0,Condell Park,Condell Park
3505,10039490000,0,Bass Hill - Georges Hall,Bankstown Aerodrome
3506,10039500000,0,Condell Park,Bankstown Aerodrome
3507,10039511000,0,Condell Park,Bankstown Aerodrome
3508,10039512000,0,Condell Park,Bankstown Aerodrome
3509,10039513000,0,Condell Park,Bankstown Aerodrome
3510,10039520000,0,Condell Park,Bankstown Aerodrome
3511,10039530000,0,Bass Hill - Georges Hall,Georges Hall
3512,10039540000,0,Bass Hill - Georges Hall,Georges Hall
3513,10039560000,0,Bass Hill - Georges Hall,Georges Hall
3514,10039570000,0,Bass Hill - Georges Hall,Georges Hall
3515,10039580000,0,Bass Hill - Georges Hall,Georges Hall
3516,10039590000,0,Bass Hill - Georges Hall,Georges Hall
3517,10039610000,0,Bass Hill - Georges Hall,Bass Hill
3518,10039650000,0,Bass Hill - Georges Hall,Bass Hill
3519,10039670000,0,Bass Hill - Georges Hall,Bass Hill
3520,10039720000,0,Bass Hill - Georges Hall,Villawood
3521,10039730000,0,Bass Hill - Georges Hall,Bass Hill
3522,10039740000,0,Bass Hill - Georges Hall,Villawood
3523,10039750000,0,Bass Hill - Georges Hall,Villawood
3524,10039780000,0,Bass Hill - Georges Hall,Villawood
3525,10039790000,0,Bass Hill - Georges Hall,Villawood
3526,10039800000,0,Bass Hill - Georges Hall,Villawood
3527,10039810000,0,Bass Hill - Georges Hall,Villawood
3528,10039830000,0,Chester Hill - Sefton,Chester Hill
3529,10039850000,0,Chester Hill - Sefton,Chester Hill
3530,10039860000,0,Chester Hill - Sefton,Chester Hill
3531,10039870000,0,Chester Hill - Sefton,Chester Hill
3532,10039880000,0,Chester Hill - Sefton,Chester Hill
3533,10039890000,0,Chester Hill - Sefton,Chester Hill
3534,10039900000,0,Chester Hill - Sefton,Chester Hill
3535,10039920000,0,Chester Hill - Sefton,Chester Hill
3536,10039930000,0,Chester Hill - Sefton,Chester Hill
3537,10039940000,0,Chester Hill - Sefton,Chester Hill
3538,10039950000,0,Chester Hill - Sefton,Chester Hill
3539,10039960000,0,Chester Hill - Sefton,Chester Hill
3540,10039970000,0,Chester Hill - Sefton,Chester Hill
3541,10039990000,0,Chester Hill - Sefton,Chester Hill
3542,10040000000,0,Chester Hill - Sefton,Chester Hill
3543,10040010000,0,Chester Hill - Sefton,Chester Hill
3544,10040020000,0,Chester Hill - Sefton,Chester Hill
3545,10040030000,0,Chester Hill - Sefton,Chester Hill
3546,10040050000,0,Chester Hill - Sefton,Chester Hill
3547,10040061000,0,Chester Hill - Sefton,Chester Hill
3548,10040070000,0,Chester Hill - Sefton,Chester Hill
3549,10040080000,0,Chester Hill - Sefton,Chester Hill
3550,10040090000,0,Chester Hill - Sefton,Chester Hill
3551,10040100000,0,Chester Hill - Sefton,Chester Hill
3552,10040120000,0,Chester Hill - Sefton,Chester Hill
3553,10040130000,0,Chester Hill - Sefton,Chester Hill
3554,10040140000,0,Chester Hill - Sefton,Chester Hill
3555,10040150000,0,Chester Hill - Sefton,Chester Hill
3556,10040160000,0,Chester Hill - Sefton,Chester Hill
3557,10040170000,0,Chester Hill - Sefton,Chester Hill
3558,10040180000,0,Chester Hill - Sefton,Chester Hill
3559,10040191000,0,Chester Hill - Sefton,Chester Hill
3560,10040192000,0,Chester Hill - Sefton,Chester Hill
3561,10040200000,0,Chester Hill - Sefton,Chester Hill
3562,10040210000,0,Chester Hill - Sefton,Chester Hill
3563,10040220000,0,Chester Hill - Sefton,Chester Hill
3564,10040230000,0,Chester Hill - Sefton,Chester Hill
3565,10040241000,0,Chester Hill - Sefton,Chester Hill
3566,10040242000,0,Chester Hill - Sefton,Chester Hill
3567,10040250000,0,Chester Hill - Sefton,Chester Hill
3568,10040260000,0,Chester Hill - Sefton,Chester Hill
3569,10040270000,0,Chester Hill - Sefton,Chester Hill
3570,10040280000,0,Chester Hill - Sefton,Chester Hill
3571,10040290000,0,Chester Hill - Sefton,Chester Hill
3572,10040300000,0,Chester Hill - Sefton,Chester Hill
3573,10040310000,0,Chester Hill - Sefton,Chester Hill
3574,10040320000,0,Chester Hill - Sefton,Chester Hill
3575,10040330000,0,Chester Hill - Sefton,Chester Hill
3576,10040341000,0,Chester Hill - Sefton,Chester Hill
3577,10040342000,0,Chester Hill - Sefton,Chester Hill
3578,10040351000,0,Chester Hill - Sefton,Chester Hill
3579,10040352000,0,Chester Hill - Sefton,Chester Hill
3580,10040353000,0,Chester Hill - Sefton,Chester Hill
3581,10040354000,0,Chester Hill - Sefton,Chester Hill
3582,10040355000,0,Chester Hill - Sefton,Chester Hill
3583,10040360000,0,Chester Hill - Sefton,Chester Hill
3584,10040370000,0,Chester Hill - Sefton,Chester Hill
3585,10040380000,0,Chester Hill - Sefton,Chester Hill
3586,10040390000,0,Chester Hill - Sefton,Chester Hill
3587,10040401000,0,Chester Hill - Sefton,Chester Hill
3588,10040402000,0,Chester Hill - Sefton,Chester Hill
3589,10040410000,0,Chester Hill - Sefton,Chester Hill
3590,10040420000,0,Chester Hill - Sefton,Chester Hill
3591,10040430000,0,Chester Hill - Sefton,Chester Hill
3592,10040440000,0,Chester Hill - Sefton,Chester Hill
3593,10040450000,0,Chester Hill - Sefton,Chester Hill
3594,10040460000,0,Chester Hill - Sefton,Sefton
3595,10040470000,0,Chester Hill - Sefton,Sefton
3596,10040480000,0,Chester Hill - Sefton,Sefton
3597,10040490000,0,Chester Hill - Sefton,Sefton
3598,10040500000,0,Chester Hill - Sefton,Sefton
3599,10040510000,0,Chester Hill - Sefton,Sefton
3600,10040520000,0,Chester Hill - Sefton,Sefton
3601,10040530000,0,Chester Hill - Sefton,Sefton
3602,10040540000,0,Chester Hill - Sefton,Sefton
3603,10040551000,0,Chester Hill - Sefton,Sefton
3604,10040552000,0,Chester Hill - Sefton,Sefton
3605,10040561000,0,Chester Hill - Sefton,Sefton
3606,10040562000,0,Chester Hill - Sefton,Sefton
3607,10040563000,0,Chester Hill - Sefton,Sefton
3608,10040564000,0,Chester Hill - Sefton,Sefton
3609,10040571000,0,Chester Hill - Sefton,Sefton
3610,10040572000,0,Chester Hill - Sefton,Sefton
3611,10040580000,0,Regents Park,Regents Park
3612,10040591000,0,Regents Park,Regents Park
3613,10040592000,0,Regents Park,Regents Park
3614,10040593000,0,Regents Park,Regents Park
3615,10040600000,0,Regents Park,Regents Park
3616,10040610000,0,Regents Park,Regents Park
3617,10040620000,0,Regents Park,Regents Park
3618,10040630000,0,Regents Park,Regents Park
3619,10040640000,0,Regents Park,Regents Park
3620,10040650000,0,Regents Park,Regents Park
3621,10040660000,0,Chester Hill - Sefton,Villawood
3622,10040671000,0,Chester Hill - Sefton,Villawood
3623,10040672000,0,Chester Hill - Sefton,Villawood
3624,10040681000,0,Chester Hill - Sefton,Villawood
3625,10040682000,0,Chester Hill - Sefton,Villawood
3626,10040690000,0,Bass Hill - Georges Hall,Villawood
3627,10040700000,0,Bass Hill - Georges Hall,Villawood
3628,10040710000,0,Bass Hill - Georges Hall,Villawood
3629,10040720000,0,Bass Hill - Georges Hall,Villawood
3630,10040730000,0,Bass Hill - Georges Hall,Villawood
3631,10040740000,0,Bass Hill - Georges Hall,Villawood
3632,10040750000,0,Bass Hill - Georges Hall,Villawood
3633,10040760000,0,Bass Hill - Georges Hall,Villawood
3634,10040770000,0,Bass Hill - Georges Hall,Villawood
3635,10040780000,0,Bass Hill - Georges Hall,Villawood
3636,10040790000,0,Bass Hill - Georges Hall,Villawood
3637,10040800000,0,Bass Hill - Georges Hall,Villawood
3638,10040810000,0,Bass Hill - Georges Hall,Villawood
3639,10040820000,0,Bass Hill - Georges Hall,Villawood
3640,10040830000,0,Bass Hill - Georges Hall,Villawood
3641,10040840000,0,Bass Hill - Georges Hall,Villawood
3642,10040850000,0,Bass Hill - Georges Hall,Villawood
3643,10040860000,0,Bass Hill - Georges Hall,Villawood
3644,10040871000,0,Chester Hill - Sefton,Chester Hill
3645,10040872000,0,Chester Hill - Sefton,Chester Hill
3646,10040880000,0,Chester Hill - Sefton,Chester Hill
3647,10040890000,0,Chester Hill - Sefton,Chester Hill
3648,10040900000,0,Chester Hill - Sefton,Chester Hill
3649,10040910000,0,Chester Hill - Sefton,Chester Hill
3650,10040920000,0,Chester Hill - Sefton,Chester Hill
3651,10040930000,0,Chester Hill - Sefton,Chester Hill
3652,10040940000,0,Chester Hill - Sefton,Chester Hill
3653,10040950000,0,Chester Hill - Sefton,Chester Hill
3654,10040960000,0,Chester Hill - Sefton,Chester Hill
3655,10040970000,0,Chester Hill - Sefton,Chester Hill
3656,10040980000,0,Chester Hill - Sefton,Chester Hill
3657,10041010000,0,Chester Hill - Sefton,Chester Hill
3658,10041020000,0,Chester Hill - Sefton,Chester Hill
3659,10041030000,0,Chester Hill - Sefton,Chester Hill
3660,10041040000,0,Chester Hill - Sefton,Chester Hill
3661,10041050000,0,Chester Hill - Sefton,Chester Hill
3662,10041060000,0,Chester Hill - Sefton,Chester Hill
3663,10041070000,0,Chester Hill - Sefton,Chester Hill
3664,10041080000,0,Chester Hill - Sefton,Chester Hill
3665,10041090000,0,Chester Hill - Sefton,Chester Hill
3666,10041100000,0,Chester Hill - Sefton,Chester Hill
3667,10041110000,0,Chester Hill - Sefton,Chester Hill
3668,10041120000,0,Chester Hill - Sefton,Chester Hill
3669,10041131000,0,Chester Hill - Sefton,Chester Hill
3670,10041132000,0,Chester Hill - Sefton,Chester Hill
3671,10041140000,0,Chester Hill - Sefton,Chester Hill
3672,10041150000,0,Bass Hill - Georges Hall,Bass Hill
3673,10041160000,0,Bass Hill - Georges Hall,Bass Hill
3674,10041180000,0,Bass Hill - Georges Hall,Bass Hill
3675,10041190000,0,Bass Hill - Georges Hall,Bass Hill
3676,10041210000,0,Bass Hill - Georges Hall,Bass Hill
3677,10041220000,0,Bass Hill - Georges Hall,Bass Hill
3678,10041230000,0,Bass Hill - Georges Hall,Bass Hill
3679,10041240000,0,Bass Hill - Georges Hall,Bass Hill
3680,10041250000,0,Bass Hill - Georges Hall,Bass Hill
3681,10041260000,0,Bass Hill - Georges Hall,Bass Hill
3682,10041270000,0,Bass Hill - Georges Hall,Bass Hill
3683,10041280000,0,Bass Hill - Georges Hall,Bass Hill
3684,10041290000,0,Bass Hill - Georges Hall,Bass Hill
3685,10041300000,0,Bass Hill - Georges Hall,Bass Hill
3686,10041310000,0,Bass Hill - Georges Hall,Bass Hill
3687,10041320000,0,Bass Hill - Georges Hall,Bass Hill
3688,10041330000,0,Bass Hill - Georges Hall,Bass Hill
3689,10041340000,0,Bass Hill - Georges Hall,Bass Hill
3690,10041350000,0,Bass Hill - Georges Hall,Bass Hill
3691,10041360000,0,Bass Hill - Georges Hall,Bass Hill
3692,10041390000,0,Bass Hill - Georges Hall,Bass Hill
3693,10041400000,0,Bass Hill - Georges Hall,Bass Hill
3694,10041412000,0,Bass Hill - Georges Hall,Bass Hill
3695,10041430000,0,Bass Hill - Georges Hall,Bass Hill
3696,10041450000,0,Bass Hill - Georges Hall,Bass Hill
3697,10041460000,0,Bass Hill - Georges Hall,Bass Hill
3698,10041470000,0,Bass Hill - Georges Hall,Bass Hill
3699,10041480000,0,Bass Hill - Georges Hall,Bass Hill
3700,10041512000,0,Chester Hill - Sefton,Bass Hill
3701,10041520000,0,Bass Hill - Georges Hall,Bass Hill
3702,10041530000,0,Bass Hill - Georges Hall,Bass Hill
3703,10041550000,0,Chester Hill - Sefton,Sefton
3704,10041560000,0,Chester Hill - Sefton,Sefton
3705,10041570000,0,Chester Hill - Sefton,Sefton
3706,10041590000,0,Chester Hill - Sefton,Sefton
3707,10041600000,0,Chester Hill - Sefton,Sefton
3708,10041610000,0,Chester Hill - Sefton,Sefton
3709,10041620000,0,Chester Hill - Sefton,Sefton
3710,10041630000,0,Chester Hill - Sefton,Sefton
3711,10041660000,0,Chester Hill - Sefton,Sefton
3712,10041670000,0,Chester Hill - Sefton,Sefton
3713,10041681000,0,Chester Hill - Sefton,Sefton
3714,10041682000,0,Chester Hill - Sefton,Sefton
3715,10041691000,0,Chester Hill - Sefton,Sefton
3716,10041692000,0,Chester Hill - Sefton,Sefton
3717,10041700000,0,Chester Hill - Sefton,Sefton
3718,10041710000,0,Chester Hill - Sefton,Sefton
3719,10041720000,0,Chester Hill - Sefton,Sefton
3720,10041730000,0,Chester Hill - Sefton,Sefton
3721,10041740000,0,Chester Hill - Sefton,Sefton
3722,10041760000,0,Yagoona - Birrong,Birrong
3723,10041770000,0,Yagoona - Birrong,Birrong
3724,10041780000,0,Yagoona - Birrong,Birrong
3725,10041790000,0,Yagoona - Birrong,Birrong
3726,10041800000,0,Yagoona - Birrong,Birrong
3727,10041810000,0,Yagoona - Birrong,Birrong
3728,10041820000,0,Yagoona - Birrong,Birrong
3729,10041830000,0,Yagoona - Birrong,Birrong
3730,10041840000,0,Yagoona - Birrong,Birrong
3731,10041850000,0,Yagoona - Birrong,Birrong
3732,10041860000,0,Yagoona - Birrong,Birrong
3733,10041870000,0,Yagoona - Birrong,Birrong
3734,10041880000,0,Yagoona - Birrong,Birrong
3735,10041890000,0,Yagoona - Birrong,Birrong
3736,10041900000,0,Yagoona - Birrong,Birrong
3737,10041910000,0,Yagoona - Birrong,Birrong
3738,10041920000,0,Yagoona - Birrong,Birrong
3739,10041940000,0,Yagoona - Birrong,Birrong
3740,10041950000,0,Yagoona - Birrong,Birrong
3741,10041961000,0,Yagoona - Birrong,Birrong
3742,10041962000,0,Yagoona - Birrong,Birrong
3743,10041970000,0,Yagoona - Birrong,Birrong
3744,10041980000,0,Yagoona - Birrong,Yagoona
3745,10041990000,0,Yagoona - Birrong,Yagoona
3746,10042000000,0,Yagoona - Birrong,Yagoona
3747,10042010000,0,Yagoona - Birrong,Yagoona
3748,10042020000,0,Yagoona - Birrong,Yagoona
3749,10042030000,0,Yagoona - Birrong,Yagoona
3750,10042040000,0,Yagoona - Birrong,Yagoona
3751,10042050000,0,Yagoona - Birrong,Yagoona
3752,10042060000,0,Yagoona - Birrong,Yagoona
3753,10042070000,0,Yagoona - Birrong,Yagoona
3754,10042080000,0,Yagoona - Birrong,Yagoona
3755,10042090000,0,Yagoona - Birrong,Yagoona
3756,10042100000,0,Yagoona - Birrong,Yagoona
3757,10042110000,0,Yagoona - Birrong,Yagoona
3758,10042120000,0,Yagoona - Birrong,Yagoona
3759,10042130000,0,Yagoona - Birrong,Yagoona
3760,10042140000,0,Yagoona - Birrong,Yagoona
3761,10042150000,0,Yagoona - Birrong,Yagoona
3762,10042160000,0,Yagoona - Birrong,Yagoona
3763,10042170000,0,Yagoona - Birrong,Yagoona
3764,10042180000,0,Yagoona - Birrong,Yagoona
3765,10042190000,0,Yagoona - Birrong,Yagoona
3766,10042200000,0,Yagoona - Birrong,Yagoona
3767,10042210000,0,Yagoona - Birrong,Yagoona
3768,10042221000,0,Yagoona - Birrong,Yagoona
3769,10042222000,0,Yagoona - Birrong,Yagoona
3770,10042230000,0,Yagoona - Birrong,Yagoona
3771,10042240000,0,Yagoona - Birrong,Yagoona
3772,10042250000,0,Bass Hill - Georges Hall,Yagoona
3773,10042262000,0,Yagoona - Birrong,Yagoona
3774,10042271000,0,Bass Hill - Georges Hall,Yagoona
3775,10042272000,0,Yagoona - Birrong,Yagoona
3776,10042280000,0,Yagoona - Birrong,Yagoona
3777,10042290000,0,Yagoona - Birrong,Yagoona
3778,10042300000,0,Yagoona - Birrong,Yagoona
3779,10042310000,0,Yagoona - Birrong,Yagoona
3780,10042320000,0,Yagoona - Birrong,Yagoona
3781,10042330000,0,Yagoona - Birrong,Yagoona
3782,10042340000,0,Yagoona - Birrong,Yagoona
3783,10042350000,0,Yagoona - Birrong,Yagoona
3784,10042360000,0,Yagoona - Birrong,Yagoona
3785,10042370000,0,Yagoona - Birrong,Yagoona
3786,10042380000,0,Yagoona - Birrong,Yagoona
3787,10042390000,0,Yagoona - Birrong,Yagoona
3788,10042401000,0,Yagoona - Birrong,Yagoona
3789,10042402000,0,Yagoona - Birrong,Yagoona
3790,10042403000,0,Yagoona - Birrong,Yagoona
3791,10042404000,0,Yagoona - Birrong,Yagoona
3792,10042405000,0,Yagoona - Birrong,Yagoona
3793,10042411000,0,Yagoona - Birrong,Yagoona
3794,10042412000,0,Yagoona - Birrong,Yagoona
3795,10042420000,0,Yagoona - Birrong,Yagoona
3796,10042430000,0,Yagoona - Birrong,Yagoona
3797,10042450000,0,Yagoona - Birrong,Yagoona
3798,10042460000,0,Yagoona - Birrong,Yagoona
3799,10042470000,0,Yagoona - Birrong,Yagoona
3800,10042480000,0,Yagoona - Birrong,Yagoona
3801,10042490000,0,Yagoona - Birrong,Yagoona
3802,10042510000,0,Yagoona - Birrong,Yagoona
3803,10042520000,0,Yagoona - Birrong,Yagoona
3804,10042530000,0,Yagoona - Birrong,Yagoona
3805,10042540000,0,Yagoona - Birrong,Yagoona
3806,10042550000,0,Yagoona - Birrong,Yagoona
3807,10042570000,0,Yagoona - Birrong,Yagoona
3808,10042580000,0,Yagoona - Birrong,Yagoona
3809,10042590000,0,Yagoona - Birrong,Yagoona
3810,10042600000,0,Yagoona - Birrong,Yagoona
3811,10042610000,0,Yagoona - Birrong,Yagoona
3812,10042620000,0,Yagoona - Birrong,Yagoona
3813,10042630000,0,Yagoona - Birrong,Yagoona
3814,10042640000,0,Yagoona - Birrong,Yagoona
3815,10042650000,0,Yagoona - Birrong,Yagoona
3816,10042660000,0,Yagoona - Birrong,Yagoona
3817,10042670000,0,Yagoona - Birrong,Yagoona
3818,10042680000,0,Yagoona - Birrong,Yagoona
3819,10042690000,0,Yagoona - Birrong,Yagoona
3820,10042700000,0,Yagoona - Birrong,Yagoona
3821,10042710000,0,Yagoona - Birrong,Yagoona
3822,10042720000,0,Yagoona - Birrong,Yagoona
3823,10042730000,0,Yagoona - Birrong,Yagoona
3824,10042740000,0,Yagoona - Birrong,Yagoona
3825,10042750000,0,Yagoona - Birrong,Yagoona
3826,10042760000,0,Yagoona - Birrong,Yagoona
3827,10042770000,0,Yagoona - Birrong,Yagoona
3828,10042780000,0,Yagoona - Birrong,Yagoona
3829,10042790000,0,Yagoona - Birrong,Yagoona
3830,10042801000,0,Yagoona - Birrong,Yagoona
3831,10042810000,0,Yagoona - Birrong,Yagoona
3832,10042820000,0,Yagoona - Birrong,Yagoona
3833,10042830000,0,Yagoona - Birrong,Yagoona
3834,10042850000,0,Yagoona - Birrong,Yagoona
3835,10042860000,0,Yagoona - Birrong,Yagoona
3836,10042871000,0,Yagoona - Birrong,Yagoona
3837,10042872000,0,Yagoona - Birrong,Yagoona
3838,10042880000,0,Yagoona - Birrong,Yagoona
3839,10042890000,0,Bass Hill - Georges Hall,Bass Hill
3840,10042900000,0,Bass Hill - Georges Hall,Bass Hill
3841,10042910000,0,Bass Hill - Georges Hall,Bass Hill
3842,10042920000,0,Bass Hill - Georges Hall,Bass Hill
3843,10042930000,0,Bass Hill - Georges Hall,Bass Hill
3844,10042940000,0,Bass Hill - Georges Hall,Bass Hill
3845,10042950000,0,Bass Hill - Georges Hall,Bass Hill
3846,10042960000,0,Bass Hill - Georges Hall,Bass Hill
3847,10042970000,0,Bass Hill - Georges Hall,Bass Hill
3848,10042980000,0,Bass Hill - Georges Hall,Bass Hill
3849,10042990000,0,Bass Hill - Georges Hall,Bass Hill
3850,10043000000,0,Bass Hill - Georges Hall,Georges Hall
3851,10043010000,0,Bass Hill - Georges Hall,Bass Hill
3852,10043071000,0,Bass Hill - Georges Hall,Georges Hall
3853,10043072000,0,Bass Hill - Georges Hall,Georges Hall
3854,10043080000,0,Bass Hill - Georges Hall,Georges Hall
3855,10043090000,0,Bass Hill - Georges Hall,Georges Hall
3856,10043120000,0,Bass Hill - Georges Hall,Georges Hall
3857,10043130000,0,Bass Hill - Georges Hall,Georges Hall
3858,10043140000,0,Bass Hill - Georges Hall,Georges Hall
3859,10043150000,0,Bass Hill - Georges Hall,Georges Hall
3860,10043160000,0,Bass Hill - Georges Hall,Georges Hall
3861,10043170000,0,Bass Hill - Georges Hall,Georges Hall
3862,10043180000,0,Bass Hill - Georges Hall,Georges Hall
3863,10043190000,0,Bass Hill - Georges Hall,Georges Hall
3864,10043210000,0,Bass Hill - Georges Hall,Georges Hall
3865,10043220000,0,Bass Hill - Georges Hall,Georges Hall
3866,10043240000,0,Bass Hill - Georges Hall,Georges Hall
3867,10043250000,0,Bass Hill - Georges Hall,Georges Hall
3868,10043261000,0,Bass Hill - Georges Hall,Georges Hall
3869,10043262000,0,Bass Hill - Georges Hall,Georges Hall
3870,10043270000,0,Bass Hill - Georges Hall,Georges Hall
3871,10043280000,0,Bass Hill - Georges Hall,Georges Hall
3872,10043290000,0,Bass Hill - Georges Hall,Georges Hall
3873,10043300000,0,Bass Hill - Georges Hall,Georges Hall
3874,10043310000,0,Bass Hill - Georges Hall,Georges Hall
3875,10043330000,0,Bass Hill - Georges Hall,Georges Hall
3876,10043340000,0,Bass Hill - Georges Hall,Georges Hall
3877,10043350000,0,Bass Hill - Georges Hall,Georges Hall
3878,10043360000,0,Bass Hill - Georges Hall,Georges Hall
3879,10043370000,0,Bass Hill - Georges Hall,Georges Hall
3880,10043380000,0,Bass Hill - Georges Hall,Georges Hall
3881,10043390000,0,Bass Hill - Georges Hall,Georges Hall
3882,10043410000,0,Bass Hill - Georges Hall,Georges Hall
3883,10043420000,0,Bass Hill - Georges Hall,Georges Hall
3884,10043430000,0,Bass Hill - Georges Hall,Georges Hall
3885,10043440000,0,Bass Hill - Georges Hall,Georges Hall
3886,10043450000,0,Bass Hill - Georges Hall,Georges Hall
3887,10043460000,0,Bass Hill - Georges Hall,Georges Hall
3888,10043470000,0,Bass Hill - Georges Hall,Georges Hall
3889,10043480000,0,Bass Hill - Georges Hall,Georges Hall
3890,10043500000,0,Bass Hill - Georges Hall,Georges Hall
3891,10043540000,0,Bass Hill - Georges Hall,Georges Hall
3892,10043550000,0,Bass Hill - Georges Hall,Georges Hall
3893,10043560000,0,Bass Hill - Georges Hall,Georges Hall
3894,10043570000,0,Bass Hill - Georges Hall,Georges Hall
3895,10043580000,0,Bass Hill - Georges Hall,Georges Hall
3896,10043590000,0,Bass Hill - Georges Hall,Bass Hill
3897,10043600000,0,Bass Hill - Georges Hall,Bass Hill
3898,10043612000,0,Bass Hill - Georges Hall,Bass Hill
3899,10043620000,0,Bass Hill - Georges Hall,Bass Hill
3900,10043630000,0,Bass Hill - Georges Hall,Yagoona
3901,10043640000,0,Bass Hill - Georges Hall,Bass Hill
3902,10043650000,0,Bass Hill - Georges Hall,Bass Hill
3903,10043661000,0,Bass Hill - Georges Hall,Bass Hill
3904,10043662000,0,Bass Hill - Georges Hall,Bass Hill
3905,10043670000,0,Bass Hill - Georges Hall,Bass Hill
3906,10043680000,0,Bass Hill - Georges Hall,Bass Hill
3907,10043690000,0,Yagoona - Birrong,Yagoona
3908,10043700000,0,Yagoona - Birrong,Yagoona
3909,10043710000,0,Yagoona - Birrong,Yagoona
3910,10043720000,0,Yagoona - Birrong,Yagoona
3911,10043730000,0,Yagoona - Birrong,Yagoona
3912,10043740000,0,Yagoona - Birrong,Yagoona
3913,10043750000,0,Yagoona - Birrong,Yagoona
3914,10043770000,0,Yagoona - Birrong,Yagoona
3915,10043780000,0,Yagoona - Birrong,Yagoona
3916,10043790000,0,Yagoona - Birrong,Yagoona
3917,10043801000,0,Yagoona - Birrong,Yagoona
3918,10043802000,0,Yagoona - Birrong,Yagoona
3919,10043810000,0,Yagoona - Birrong,Yagoona
3920,10043820000,0,Yagoona - Birrong,Yagoona
3921,10043830000,0,Yagoona - Birrong,Yagoona
3922,10043840000,0,Yagoona - Birrong,Yagoona
3923,10043850000,0,Yagoona - Birrong,Yagoona
3924,10043861000,0,Condell Park,Condell Park
3925,10043862000,0,Condell Park,Condell Park
3926,10043863000,0,Condell Park,Condell Park
3927,10043871000,0,Condell Park,Condell Park
3928,10043872000,0,Condell Park,Condell Park
3929,10043873000,0,Condell Park,Condell Park
3930,10043881000,0,Condell Park,Condell Park
3931,10043882000,0,Condell Park,Condell Park
3932,10043891000,0,Condell Park,Revesby
3933,10043892000,0,Condell Park,Revesby
3934,10043900000,0,Bankstown - South,Bankstown
3935,10043910000,0,Condell Park,Condell Park
3936,10043920000,0,Condell Park,Condell Park
3937,10043930000,0,Condell Park,Condell Park
3938,10043940000,0,Condell Park,Condell Park
3939,10043950000,0,Condell Park,Condell Park
3940,10043960000,0,Condell Park,Condell Park
3941,10043970000,0,Condell Park,Condell Park
3942,10043980000,0,Condell Park,Condell Park
3943,10043990000,0,Condell Park,Condell Park
3944,10044000000,0,Condell Park,Condell Park
3945,10044010000,0,Condell Park,Condell Park
3946,10044020000,0,Condell Park,Condell Park
3947,10044030000,0,Condell Park,Condell Park
3948,10044040000,0,Condell Park,Condell Park
3949,10044050000,0,Condell Park,Condell Park
3950,10044060000,0,Condell Park,Condell Park
3951,10044070000,0,Condell Park,Condell Park
3952,10044080000,0,Condell Park,Condell Park
3953,10044090000,0,Condell Park,Condell Park
3954,10044130000,0,Condell Park,Condell Park
3955,10044151000,0,Condell Park,Condell Park
3956,10044152000,0,Condell Park,Condell Park
3957,10044153000,0,Condell Park,Condell Park
3958,10044160000,0,Condell Park,Condell Park
3959,10044170000,0,Condell Park,Condell Park
3960,10044180000,0,Condell Park,Condell Park
3961,10044190000,0,Condell Park,Condell Park
3962,10044200000,0,Condell Park,Condell Park
3963,10044210000,0,Condell Park,Condell Park
3964,10044220000,0,Condell Park,Condell Park
3965,10044240000,0,Condell Park,Condell Park
3966,10044250000,0,Condell Park,Condell Park
3967,10044260000,0,Condell Park,Condell Park
3968,10044270000,0,Condell Park,Condell Park
3969,10044290000,0,Condell Park,Condell Park
3970,10044300000,0,Condell Park,Condell Park
3971,10044310000,0,Condell Park,Condell Park
3972,10044320000,0,Condell Park,Condell Park
3973,10044330000,0,Condell Park,Condell Park
3974,10044360000,0,Condell Park,Condell Park
3975,10044420000,0,Condell Park,Condell Park
3976,10044430000,0,Condell Park,Condell Park
3977,10044480000,0,Condell Park,Condell Park
3978,10044490000,0,Condell Park,Condell Park
3979,10044520000,0,Condell Park,Condell Park
3980,10044530000,0,Condell Park,Condell Park
3981,10044560000,0,Condell Park,Condell Park
3982,10044570000,0,Condell Park,Condell Park
3983,10044580000,0,Condell Park,Condell Park
3984,10044590000,0,Condell Park,Condell Park
3985,10044600000,0,Condell Park,Condell Park
3986,10044610000,0,Condell Park,Condell Park
3987,10044620000,0,Condell Park,Condell Park
3988,10044630000,0,Condell Park,Condell Park
3989,10044640000,0,Condell Park,Condell Park
3990,10044650000,0,Condell Park,Condell Park
3991,10044660000,0,Condell Park,Condell Park
3992,10044670000,0,Condell Park,Condell Park
3993,10044680000,0,Condell Park,Revesby
3994,10044690000,0,Yagoona - Birrong,Yagoona
3995,10044701000,0,Regents Park,Regents Park
3996,10044702000,0,Regents Park,Regents Park
3997,10044710000,0,Chester Hill - Sefton,Villawood
3998,10044720000,0,Chester Hill - Sefton,Villawood
3999,10044730000,0,Chester Hill - Sefton,Sefton
4000,10044740000,0,Chester Hill - Sefton,Sefton
4001,10044750000,0,Bass Hill - Georges Hall,Villawood
4050,10045250000,0,Revesby,Revesby
4066,10045410000,0,Condell Park,Revesby
4074,10045490000,0,Bankstown - South,Bankstown
4075,10045501000,0,Bankstown - South,Padstow
4076,10045502000,0,Bankstown - South,Padstow
4082,10045580000,0,Panania (North) - Milperra,Milperra
4094,10045780000,0,Revesby,Padstow
4095,10045800000,0,Panania (North) - Milperra,Milperra
4104,10045890000,0,Panania (North) - Milperra,Milperra
4105,10045900000,0,Panania (North) - Milperra,Milperra
4111,10045951000,0,Condell Park,Milperra
4112,10045952000,0,Condell Park,Milperra
4113,10045961000,0,Condell Park,Milperra
4114,10045962000,0,Condell Park,Milperra
4115,10045970000,0,Condell Park,Milperra
4116,10045981000,0,Condell Park,Revesby
4117,10045982000,0,Condell Park,Revesby
4118,10045990000,0,Condell Park,Milperra
4120,10046010000,0,Condell Park,Revesby
4122,10046031000,0,Condell Park,Revesby
4123,10046032000,0,Condell Park,Revesby
4124,10046040000,0,Revesby,Padstow
4136,10046182000,0,Bankstown - South,Padstow
4137,10046192000,0,Bankstown - South,Padstow
4168,10046530000,0,Panania (North) - Milperra,Milperra
4169,10046540000,0,Panania (North) - Milperra,Milperra
4170,10046550000,0,Panania (North) - Milperra,Milperra
4573,10050772000,0,Condell Park,Milperra
17186,10192011000,0,Punchbowl,Punchbowl
23346,10257890000,0,Fairfield - East,Chester Hill
23349,10257920000,0,Fairfield - East,Chester Hill
23350,10257930000,0,Fairfield - East,Villawood
23351,10257940000,0,Fairfield - East,Villawood
23399,10258460000,0,Fairfield - East,Chester Hill
23400,10258470000,0,Fairfield - East,Chester Hill
23430,10258870000,0,Cabramatta - Lansvale,Georges Hall
24400,10268840000,0,Fairfield - East,Lansdowne
24410,10268960000,0,Fairfield - East,Chester Hill
24411,10268970000,0,Fairfield - East,Chester Hill
24442,10269261000,0,Fairfield - East,Chester Hill
24443,10269262000,0,Fairfield - East,Chester Hill
24451,10269340000,0,Fairfield - East,Villawood
24475,10269581000,0,Fairfield - East,Villawood
24476,10269582000,0,Fairfield - East,Villawood
24477,10269583000,0,Fairfield - East,Villawood
24478,10269584000,0,Fairfield - East,Villawood
24479,10269585000,0,Fairfield - East,Villawood
24480,10269590000,0,Fairfield - East,Villawood
24491,10269690000,0,Fairfield - East,Villawood
24492,10269700000,0,Fairfield - East,Lansdowne
45054,10484800000,0,Chipping Norton - Moorebank,Bankstown Aerodrome
45056,10484820000,0,Chipping Norton - Moorebank,Milperra
55406,10596090000,0,Guildford - South Granville,Chester Hill
55415,10596170000,0,Guildford - South Granville,Chester Hill
55440,10596410000,0,Guildford - South Granville,Chester Hill
55447,10596480000,0,Guildford - South Granville,Sefton
55675,10598830000,0,Guildford - South Granville,Chester Hill
55690,10598980000,0,Guildford - South Granville,Chester Hill
55745,10599510000,0,Guildford - South Granville,Chester Hill
55746,10599520000,0,Guildford - South Granville,Chester Hill
85308,10919160000,0,Bankstown - South,Bankstown
85309,10919170000,0,Bankstown - South,Bankstown
85310,10919180000,0,Bankstown - South,Bankstown
85311,10919190000,0,Bankstown - South,Bankstown
85312,10919200000,0,Bankstown - South,Bankstown
85313,10919210000,0,Bankstown - South,Bankstown
85314,10919220000,0,Bankstown - South,Bankstown
85315,10919230000,0,Bankstown - South,Bankstown
85318,10919260000,0,Bankstown - North,Bankstown
85324,10919320000,0,Bankstown - North,Bankstown
85328,10919380000,0,Bankstown - North,Bankstown
85329,10919400000,0,Bankstown - North,Bankstown
85330,10919420000,0,Bankstown - North,Bankstown
85340,10919730000,0,Bass Hill - Georges Hall,Georges Hall
85341,10919740000,0,Bass Hill - Georges Hall,Georges Hall
85342,10919750000,0,Bass Hill - Georges Hall,Georges Hall
85343,10919760000,0,Bass Hill - Georges Hall,Georges Hall
85344,10919770000,0,Condell Park,Milperra
85345,10919780000,0,Condell Park,Bankstown Aerodrome
85346,10919790000,0,Condell Park,Bankstown Aerodrome
85347,10919800000,0,Condell Park,Bankstown Aerodrome
85348,10919810000,0,Bass Hill - Georges Hall,Lansdowne
85349,10919820000,0,Bass Hill - Georges Hall,Lansdowne
85350,10919830000,0,Bass Hill - Georges Hall,Lansdowne
85351,10919840000,0,Bass Hill - Georges Hall,Lansdowne
85352,10919850000,0,Bass Hill - Georges Hall,Lansdowne
85353,10919860000,0,Bass Hill - Georges Hall,Lansdowne
85354,10919870000,0,Bass Hill - Georges Hall,Georges Hall
85355,10919880000,0,Bass Hill - Georges Hall,Georges Hall
85356,10919890000,0,Bass Hill - Georges Hall,Georges Hall
85357,10919910000,0,Bass Hill - Georges Hall,Georges Hall
85358,10919940000,0,Bass Hill - Georges Hall,Georges Hall
85359,10919950000,0,Condell Park,Condell Park
85360,10919960000,0,Bass Hill - Georges Hall,Bass Hill
85361,10919980000,0,Yagoona - Birrong,Birrong
85362,10919990000,0,Yagoona - Birrong,Birrong
85363,10920010000,0,Yagoona - Birrong,Birrong
85364,10920020000,0,Yagoona - Birrong,Birrong
85365,10920030000,0,Bass Hill - Georges Hall,Bass Hill
85366,10920050000,0,Chester Hill - Sefton,Sefton
85367,10920060000,0,Chester Hill - Sefton,Sefton
85368,10920070000,0,Chester Hill - Sefton,Sefton
85369,10920080000,0,Chester Hill - Sefton,Sefton
85371,10920100000,0,Bass Hill - Georges Hall,Villawood
85372,10920120000,0,Bass Hill - Georges Hall,Bass Hill
85373,10920130000,0,Bass Hill - Georges Hall,Bass Hill
85374,10920160000,0,Bass Hill - Georges Hall,Bass Hill
85375,10920170000,0,Yagoona - Birrong,Yagoona
85376,10920180000,0,Condell Park,Bankstown Aerodrome
85377,10920190000,0,Bass Hill - Georges Hall,Bass Hill
85378,10920220000,0,Bass Hill - Georges Hall,Bass Hill
85379,10920230000,0,Bass Hill - Georges Hall,Bass Hill
85380,10920240000,0,Bass Hill - Georges Hall,Bass Hill
85381,10920250000,0,Bass Hill - Georges Hall,Bass Hill
85383,10920280000,0,Yagoona - Birrong,Yagoona
85384,10920290000,0,Yagoona - Birrong,Yagoona
85385,10920330000,0,Bass Hill - Georges Hall,Bass Hill
85386,10920340000,0,Bass Hill - Georges Hall,Bass Hill
85387,10920350000,0,Bass Hill - Georges Hall,Bass Hill
85388,10920380000,0,Bass Hill - Georges Hall,Bass Hill
85390,10920440000,0,Yagoona - Birrong,Yagoona
85391,10920450000,0,Condell Park,Condell Park
85392,10920480000,0,Bass Hill - Georges Hall,Villawood
85393,10920490000,0,Bass Hill - Georges Hall,Villawood
85394,10920500000,0,Bass Hill - Georges Hall,Villawood
85395,10920510000,0,Bass Hill - Georges Hall,Villawood
85396,10920520000,0,Bass Hill - Georges Hall,Villawood
85397,10920530000,0,Bass Hill - Georges Hall,Villawood
85398,10920540000,0,Bass Hill - Georges Hall,Villawood
85399,10920550000,0,Bass Hill - Georges Hall,Villawood
85400,10920560000,0,Bass Hill - Georges Hall,Villawood
85406,10920620000,0,Bass Hill - Georges Hall,Villawood
91800,10997730000,0,Guildford - South Granville,Chester Hill
92487,11006300000,0,Bass Hill - Georges Hall,Georges Hall
92493,11006420000,0,Canley Vale - Canley Heights,Lansdowne
92497,11006481000,0,Fairfield - East,Lansdowne
92519,11006790000,0,Cabramatta - Lansvale,Lansdowne
92520,11006800000,0,Cabramatta - Lansvale,Lansdowne
92521,11006810000,0,Cabramatta - Lansvale,Lansdowne
92523,11006830000,0,Cabramatta - Lansvale,Lansdowne
92525,11006880000,0,Bass Hill - Georges Hall,Lansdowne
92526,11006890000,0,Bass Hill - Georges Hall,Lansdowne
92541,11007120000,0,Bass Hill - Georges Hall,Lansdowne
92542,11007130000,0,Bass Hill - Georges Hall,Georges Hall
92953,11012530000,0,Chipping Norton - Moorebank,Georges Hall
92954,11012540000,0,Chipping Norton - Moorebank,Bankstown Aerodrome
92955,11012550000,0,Chipping Norton - Moorebank,Georges Hall
94467,11204453100,0,Bankstown - North,Bankstown
94524,11204459200,0,Bankstown - North,Bankstown
94525,11204459300,0,Bankstown - North,Bankstown
94615,11204468700,0,Condell Park,Condell Park
94822,11204489900,0,Chester Hill - Sefton,Sefton
94824,11204490100,0,Chester Hill - Sefton,Sefton
94830,11204490700,0,Chester Hill - Sefton,Chester Hill
94835,11204491300,0,Chester Hill - Sefton,Villawood
94842,11204492000,0,Chester Hill - Sefton,Villawood
94877,11204495700,0,Chester Hill - Sefton,Chester Hill
94887,11204496800,0,Chester Hill - Sefton,Chester Hill
94888,11204496900,0,Chester Hill - Sefton,Chester Hill
94900,11204498100,0,Chester Hill - Sefton,Chester Hill
94916,11204499700,0,Chester Hill - Sefton,Sefton
94917,11204499800,0,Chester Hill - Sefton,Sefton
94918,11204499900,0,Chester Hill - Sefton,Sefton
95106,11204520100,0,Bass Hill - Georges Hall,Georges Hall
95163,11204525900,0,Condell Park,Condell Park
95399,11204551100,0,Bankstown - North,Bankstown
95966,11204610900,0,Yagoona - Birrong,Yagoona
95971,11204611400,0,Yagoona - Birrong,Yagoona
95980,11204612300,0,Yagoona - Birrong,Yagoona
95981,11204612400,0,Yagoona - Birrong,Yagoona
96037,11204618000,0,Yagoona - Birrong,Yagoona
96046,11204618900,0,Yagoona - Birrong,Yagoona
96601,11204676500,0,Bankstown - North,Bankstown
96602,11204676600,0,Bankstown - North,Bankstown
96639,11204680300,0,Bankstown - North,Bankstown
96674,11204683800,0,Bankstown - South,Bankstown
96966,11204713300,0,Bankstown - South,Bankstown
97226,11204739800,0,Bankstown - North,Bankstown
97385,11204756000,0,Bankstown - South,Bankstown
97574,11204775500,0,Bass Hill - Georges Hall,Bass Hill
97694,11204787700,0,Condell Park,Condell Park
97736,11204792000,0,Bass Hill - Georges Hall,Bass Hill
97923,11204810700,0,Bass Hill - Georges Hall,Bass Hill
97977,11204816100,0,Bass Hill - Georges Hall,Bass Hill
98025,11204821100,0,Chullora,Potts Hill
98074,11204826100,0,Condell Park,Condell Park
98114,11204830400,0,Condell Park,Condell Park
98165,11204835700,0,Bankstown - South,Bankstown
98235,11204842800,0,Bass Hill - Georges Hall,Bass Hill
98372,11204856600,0,Chullora,Potts Hill
98485,11204868100,0,Condell Park,Condell Park
98557,11204875400,0,Bass Hill - Georges Hall,Bass Hill
98671,11204887100,0,Bankstown - North,Bankstown
98820,11204902200,0,Bass Hill - Georges Hall,Bass Hill
98921,11204912700,0,Condell Park,Condell Park
98927,11204913300,0,Bankstown - South,Bankstown
98934,11204914100,0,Chullora,Potts Hill
98991,11204920100,0,Bankstown - North,Bankstown
99090,11204930200,0,Chipping Norton - Moorebank,Milperra
99091,11204930300,0,Chipping Norton - Moorebank,Milperra
99153,11204936700,0,Bass Hill - Georges Hall,Bass Hill
99372,11204958900,0,Condell Park,Condell Park
99588,11204980800,0,Bankstown - North,Bankstown
99845,11205006900,0,Condell Park,Condell Park
99851,11205007500,0,Bankstown - South,Bankstown
99852,11205007600,0,Bankstown - South,Bankstown
99927,11205015400,0,Bass Hill - Georges Hall,Georges Hall
99928,11205015500,0,Bass Hill - Georges Hall,Georges Hall
99944,11205017200,0,Bankstown - South,Bankstown
99945,11205017300,0,Bankstown - South,Bankstown
99946,11205017400,0,Bankstown - South,Bankstown
100115,11205034700,0,Bass Hill - Georges Hall,Georges Hall
100151,11205038300,0,Bankstown - North,Bankstown
100152,11205038400,0,Bankstown - South,Bankstown
100155,11205038700,0,Bankstown - South,Bankstown
100167,11205039900,0,Condell Park,Condell Park
100400,11205063900,0,Bankstown - North,Bankstown
100421,11205066000,0,Bankstown - North,Bankstown
100430,11205067000,0,Bankstown - North,Bankstown
100570,11205081500,0,Bass Hill - Georges Hall,Bass Hill
100755,11205100200,0,Bankstown - South,Bankstown
100973,11205122300,0,Bankstown - South,Bankstown
101142,11205139800,0,Bankstown - North,Bankstown
101606,11205187800,0,Bankstown - North,Bankstown
101607,11205187900,0,Bankstown - North,Bankstown
101976,11205225400,0,Bankstown - South,Bankstown
102280,11205257300,0,Bass Hill - Georges Hall,Georges Hall
102328,11205262300,0,Bass Hill - Georges Hall,Bass Hill
102344,11205263900,0,Bass Hill - Georges Hall,Bass Hill
102364,11205265900,0,Bankstown - North,Bankstown
102365,11205266000,0,Bass Hill - Georges Hall,Bass Hill
102366,11205266100,0,Bass Hill - Georges Hall,Bass Hill
102367,11205266200,0,Bass Hill - Georges Hall,Bass Hill
102515,11205281400,0,Bass Hill - Georges Hall,Bass Hill
102516,11205281500,0,Bass Hill - Georges Hall,Georges Hall
102517,11205281600,0,Bass Hill - Georges Hall,Bass Hill
102594,11205289700,0,Condell Park,Condell Park
102595,11205289800,0,Condell Park,Condell Park
102596,11205289900,0,Condell Park,Condell Park
102598,11205290100,0,Condell Park,Condell Park
103021,11205334200,0,Bankstown - North,Bankstown
103037,11205335800,0,Bankstown - South,Bankstown
104655,11205503200,0,Bankstown - South,Bankstown
104656,11205503300,0,Bankstown - South,Bankstown
104657,11205503400,0,Bankstown - South,Bankstown
104658,11205503500,0,Bankstown - North,Bankstown
104668,11205504500,0,Bankstown - South,Bankstown
104669,11205504600,0,Bankstown - South,Bankstown
104670,11205504700,0,Bankstown - South,Bankstown
104671,11205504800,0,Bankstown - South,Bankstown
104672,11205504900,0,Bankstown - North,Bankstown
104673,11205505000,0,Bankstown - South,Bankstown
104680,11205505700,0,Bankstown - North,Bankstown
104681,11205505800,0,Bankstown - North,Bankstown
104682,11205505900,0,Bankstown - South,Bankstown
104683,11205506000,0,Bankstown - North,Bankstown
104684,11205506100,0,Bankstown - North,Bankstown
104685,11205506200,0,Bankstown - South,Bankstown
104694,11205507100,0,Bass Hill - Georges Hall,Bass Hill
104695,11205507200,0,Bass Hill - Georges Hall,Georges Hall
104724,11205510100,0,Chullora,Potts Hill
104725,11205510200,0,Condell Park,Condell Park
104748,11205512500,0,Condell Park,Condell Park
104749,11205512600,0,Condell Park,Condell Park
104750,11205512700,0,Condell Park,Condell Park
104761,11205513800,0,Bankstown - North,Bankstown
104763,11205514000,0,Bankstown - North,Bankstown
104764,11205514100,0,Bankstown - North,Bankstown
104765,11205514200,0,Bass Hill - Georges Hall,Bass Hill
104766,11205514300,0,Bass Hill - Georges Hall,Bass Hill
104767,11205514400,0,Bankstown - North,Bankstown
104777,11205515400,0,Bankstown - South,Bankstown
104778,11205515500,0,Bankstown - North,Bankstown
104779,11205515600,0,Bankstown - North,Bankstown
104780,11205515700,0,Bankstown - South,Bankstown
104781,11205515800,0,Bankstown - South,Bankstown
104783,11205516000,0,Bass Hill - Georges Hall,Bass Hill
104793,11205517000,0,Bass Hill - Georges Hall,Georges Hall
104795,11205517200,0,Revesby,Bankstown
104796,11205517300,0,Revesby,Padstow
104906,11205528600,0,Condell Park,Condell Park
105093,11205548700,0,Bankstown - North,Bankstown
105117,11205551200,0,Condell Park,Condell Park
105160,11205555800,0,Chester Hill - Sefton,Chester Hill
105165,11205556300,0,Chester Hill - Sefton,Chester Hill
105181,11205557900,0,Chester Hill - Sefton,Chester Hill
105191,11205558900,0,Chester Hill - Sefton,Sefton
105206,11205560500,0,Chester Hill - Sefton,Chester Hill
105687,11205611200,0,Bankstown - North,Bankstown
105799,11205623100,0,Chullora,Potts Hill
105814,11205624600,0,Bass Hill - Georges Hall,Georges Hall
105913,11205634700,0,Bass Hill - Georges Hall,Bass Hill
105977,11205641200,0,Bass Hill - Georges Hall,Bass Hill
106025,11205646100,0,Bankstown - South,Bankstown
106189,11205663600,0,Chullora,Potts Hill
106197,11205664400,0,Bass Hill - Georges Hall,Bass Hill
106276,11205672400,0,Chullora,Potts Hill
106295,11205674300,0,Bass Hill - Georges Hall,Bass Hill
106364,11205681200,0,Bass Hill - Georges Hall,Bass Hill
106378,11205682700,0,Bankstown - North,Bankstown
106790,11205724800,0,Bass Hill - Georges Hall,Georges Hall
106834,11205729200,0,Chullora,Chullora
106945,11205740300,0,Bankstown - North,Bankstown
106975,11205743300,0,Bass Hill - Georges Hall,Bass Hill
107503,11205798500,0,Bankstown - North,Bankstown
107550,11205803400,0,Bass Hill - Georges Hall,Bass Hill
107949,11205846200,0,Bankstown - South,Bankstown
107951,11205846400,0,Bankstown - North,Bankstown
107964,11205847700,0,Bankstown - North,Bankstown
107968,11205848100,0,Bankstown - North,Bankstown
107979,11205849200,0,Punchbowl,Punchbowl
107981,11205849400,0,Bankstown - South,Bankstown
107982,11205849500,0,Bankstown - North,Bankstown
107983,11205849600,0,Bass Hill - Georges Hall,Bass Hill
108042,11205855700,0,Chullora,Potts Hill
108068,11205858300,0,Condell Park,Condell Park
108086,11205860100,0,Condell Park,Condell Park
108164,11205868200,0,Chullora,Potts Hill
108670,11210160000,1,Yagoona - Birrong,Yagoona
108702,11210480000,1,Yagoona - Birrong,Bankstown
109094,11214400000,1,Yagoona - Birrong,Yagoona
109095,11214410000,1,Yagoona - Birrong,Bankstown
111042,11233880000,1,Yagoona - Birrong,Yagoona
111043,11233890000,1,Yagoona - Birrong,Yagoona
111368,11237140000,1,Bankstown - North,Bankstown
111378,11237240000,1,Bankstown - North,Bankstown
111428,11237740000,1,Yagoona - Birrong,Yagoona
111459,11238050000,1,Bankstown - North,Bankstown
111489,11238350000,1,Bankstown - North,Bankstown
111491,11238370000,1,Bankstown - North,Bankstown
111492,11238380000,1,Bankstown - North,Bankstown
111493,11238390000,1,Yagoona - Birrong,Yagoona
112287,11246330000,1,Bankstown - South,Bankstown
112288,11246340000,1,Bankstown - South,Bankstown
112289,11246350000,1,Bankstown - South,Bankstown
112290,11246360000,1,Bankstown - South,Bankstown
112291,11246370000,1,Bankstown - South,Bankstown
112292,11246380000,1,Bankstown - South,Bankstown
112525,11248710000,1,Bankstown - South,Bankstown
112544,11248900000,1,Bankstown - South,Bankstown
112545,11248910000,1,Bankstown - South,Bankstown
112546,11248920000,1,Bankstown - South,Bankstown
112563,11249090000,1,Bankstown - South,Bankstown
1536,10017720000,0,Rookwood Cemetery,Chullora
2775,10031690000,0,Bankstown - North,Bankstown
2776,10031700000,0,Greenacre - South,Greenacre
2777,10031710000,0,Punchbowl,Punchbowl
2778,10031720000,0,Punchbowl,Punchbowl
2779,10031730000,0,Greenacre - South,Mount Lewis
2780,10031740000,0,Punchbowl,Punchbowl
2781,10031760000,0,Greenacre - South,Greenacre
2782,10031770000,0,Greenacre - South,Greenacre
2783,10031780000,0,Greenacre - North,Greenacre
2784,10031790000,0,Greenacre - North,Greenacre
2785,10031800000,0,Greenacre - North,Greenacre
2786,10031810000,0,Greenacre - South,Greenacre
2795,10031940000,0,Greenacre - North,Greenacre
2796,10031950000,0,Greenacre - North,Greenacre
2797,10031960000,0,Greenacre - North,Greenacre
2798,10031970000,0,Greenacre - North,Greenacre
2799,10031980000,0,Greenacre - North,Greenacre
2800,10031990000,0,Greenacre - North,Greenacre
2801,10032000000,0,Greenacre - North,Greenacre
2802,10032010000,0,Greenacre - North,Greenacre
2803,10032020000,0,Greenacre - North,Greenacre
2804,10032030000,0,Greenacre - North,Greenacre
2805,10032040000,0,Greenacre - North,Greenacre
2806,10032050000,0,Greenacre - North,Greenacre
2807,10032060000,0,Greenacre - North,Greenacre
2808,10032070000,0,Greenacre - North,Greenacre
2809,10032080000,0,Greenacre - North,Greenacre
2810,10032120000,0,Greenacre - North,Greenacre
2811,10032130000,0,Greenacre - North,Greenacre
2812,10032140000,0,Greenacre - North,Greenacre
2813,10032150000,0,Greenacre - North,Greenacre
2814,10032160000,0,Greenacre - North,Greenacre
2815,10032180000,0,Greenacre - North,Greenacre
2816,10032190000,0,Greenacre - South,Greenacre
2817,10032200000,0,Greenacre - South,Greenacre
2818,10032210000,0,Greenacre - South,Greenacre
2819,10032220000,0,Greenacre - South,Greenacre
2820,10032240000,0,Greenacre - North,Greenacre
2821,10032250000,0,Greenacre - North,Greenacre
2822,10032260000,0,Greenacre - South,Greenacre
2823,10032270000,0,Greenacre - South,Greenacre
2824,10032280000,0,Greenacre - South,Greenacre
2825,10032290000,0,Greenacre - South,Greenacre
2826,10032310000,0,Greenacre - South,Greenacre
2827,10032320000,0,Greenacre - South,Greenacre
2828,10032330000,0,Greenacre - South,Greenacre
2829,10032340000,0,Punchbowl,Punchbowl
2830,10032350000,0,Greenacre - South,Punchbowl
2831,10032360000,0,Bankstown - North,Greenacre
2832,10032370000,0,Greenacre - South,Mount Lewis
2833,10032380000,0,Greenacre - South,Mount Lewis
2834,10032390000,0,Greenacre - South,Mount Lewis
2835,10032400000,0,Punchbowl,Punchbowl
2836,10032410000,0,Punchbowl,Punchbowl
2837,10032420000,0,Punchbowl,Punchbowl
2838,10032430000,0,Bankstown - South,Bankstown
2839,10032440000,0,Bankstown - South,Bankstown
2840,10032450000,0,Bankstown - South,Bankstown
2841,10032460000,0,Punchbowl,Punchbowl
2860,10032680000,0,Bankstown - North,Bankstown
2879,10032910000,0,Chullora,Greenacre
2880,10032920000,0,Greenacre - North,Greenacre
2881,10032930000,0,Greenacre - North,Greenacre
2889,10032981000,0,Chullora,Greenacre
2890,10032982000,0,Chullora,Greenacre
2891,10032990000,0,Greenacre - North,Greenacre
2892,10033000000,0,Greenacre - North,Greenacre
2893,10033010000,0,Greenacre - North,Greenacre
2894,10033020000,0,Greenacre - North,Greenacre
2895,10033030000,0,Greenacre - North,Greenacre
2896,10033041000,0,Greenacre - North,Greenacre
2897,10033042000,0,Greenacre - North,Greenacre
2898,10033043000,0,Greenacre - North,Greenacre
2899,10033050000,0,Greenacre - North,Greenacre
2900,10033060000,0,Greenacre - North,Greenacre
2901,10033070000,0,Greenacre - North,Greenacre
2902,10033080000,0,Greenacre - North,Greenacre
2903,10033090000,0,Greenacre - North,Greenacre
2904,10033100000,0,Greenacre - North,Greenacre
2905,10033110000,0,Greenacre - North,Greenacre
2906,10033120000,0,Greenacre - North,Greenacre
2907,10033130000,0,Greenacre - North,Greenacre
2908,10033140000,0,Greenacre - North,Greenacre
2909,10033150000,0,Greenacre - North,Greenacre
2910,10033160000,0,Greenacre - North,Greenacre
2911,10033170000,0,Greenacre - North,Greenacre
2912,10033180000,0,Greenacre - North,Greenacre
2913,10033190000,0,Greenacre - North,Greenacre
2914,10033200000,0,Greenacre - North,Greenacre
2915,10033210000,0,Greenacre - North,Greenacre
2916,10033220000,0,Greenacre - North,Greenacre
2917,10033230000,0,Greenacre - North,Greenacre
2918,10033240000,0,Greenacre - North,Greenacre
2919,10033261000,0,Greenacre - North,Greenacre
2920,10033262000,0,Greenacre - North,Greenacre
2921,10033270000,0,Greenacre - North,Greenacre
2922,10033280000,0,Greenacre - North,Greenacre
2923,10033290000,0,Greenacre - North,Greenacre
2924,10033300000,0,Greenacre - North,Greenacre
2925,10033310000,0,Greenacre - North,Greenacre
2926,10033320000,0,Greenacre - North,Greenacre
2927,10033330000,0,Greenacre - North,Greenacre
2928,10033340000,0,Greenacre - North,Greenacre
2929,10033350000,0,Greenacre - North,Greenacre
2930,10033360000,0,Greenacre - North,Greenacre
2931,10033370000,0,Greenacre - North,Greenacre
2932,10033380000,0,Greenacre - North,Greenacre
2933,10033390000,0,Greenacre - North,Greenacre
2934,10033400000,0,Greenacre - North,Greenacre
2935,10033410000,0,Greenacre - North,Greenacre
2936,10033420000,0,Greenacre - North,Greenacre
2937,10033430000,0,Greenacre - North,Greenacre
2938,10033440000,0,Greenacre - North,Greenacre
2939,10033450000,0,Greenacre - North,Greenacre
2940,10033460000,0,Greenacre - North,Greenacre
2941,10033470000,0,Greenacre - North,Greenacre
2942,10033480000,0,Greenacre - North,Greenacre
2943,10033490000,0,Greenacre - North,Greenacre
2944,10033500000,0,Greenacre - North,Greenacre
2945,10033510000,0,Greenacre - North,Greenacre
2946,10033520000,0,Greenacre - North,Greenacre
2947,10033530000,0,Greenacre - North,Greenacre
2948,10033540000,0,Greenacre - North,Greenacre
2949,10033550000,0,Greenacre - North,Greenacre
2950,10033560000,0,Greenacre - North,Greenacre
2951,10033571000,0,Greenacre - North,Greenacre
2952,10033572000,0,Greenacre - North,Greenacre
2953,10033580000,0,Greenacre - South,Greenacre
2954,10033591000,0,Greenacre - North,Greenacre
2955,10033592000,0,Greenacre - South,Greenacre
2956,10033600000,0,Greenacre - North,Greenacre
2957,10033610000,0,Greenacre - North,Greenacre
2958,10033620000,0,Greenacre - North,Greenacre
2959,10033630000,0,Greenacre - North,Greenacre
2960,10033640000,0,Greenacre - North,Greenacre
2961,10033650000,0,Greenacre - North,Greenacre
2962,10033660000,0,Greenacre - North,Greenacre
2963,10033670000,0,Greenacre - North,Greenacre
2964,10033680000,0,Greenacre - North,Greenacre
2965,10033691000,0,Greenacre - South,Greenacre
2966,10033692000,0,Greenacre - South,Greenacre
2967,10033701000,0,Greenacre - South,Greenacre
2968,10033702000,0,Greenacre - North,Greenacre
2969,10033703000,0,Greenacre - South,Greenacre
2970,10033704000,0,Greenacre - South,Greenacre
2971,10033705000,0,Greenacre - South,Greenacre
2972,10033706000,0,Greenacre - North,Greenacre
2973,10033710000,0,Greenacre - South,Greenacre
2974,10033720000,0,Greenacre - South,Greenacre
2975,10033730000,0,Greenacre - South,Bankstown
2976,10033740000,0,Greenacre - South,Greenacre
2977,10033750000,0,Greenacre - South,Greenacre
2978,10033761000,0,Greenacre - South,Greenacre
2979,10033763000,0,Greenacre - South,Greenacre
2980,10033770000,0,Greenacre - North,Greenacre
2981,10033780000,0,Greenacre - South,Greenacre
2982,10033790000,0,Greenacre - South,Greenacre
2983,10033800000,0,Greenacre - South,Greenacre
2984,10033810000,0,Greenacre - South,Greenacre
2985,10033820000,0,Greenacre - South,Greenacre
2986,10033830000,0,Greenacre - South,Greenacre
2987,10033840000,0,Greenacre - South,Greenacre
2988,10033850000,0,Greenacre - South,Greenacre
2989,10033860000,0,Greenacre - South,Greenacre
2990,10033870000,0,Greenacre - South,Greenacre
2991,10033880000,0,Greenacre - South,Greenacre
2992,10033890000,0,Greenacre - South,Greenacre
2993,10033900000,0,Greenacre - South,Greenacre
2994,10033910000,0,Greenacre - South,Greenacre
2995,10033920000,0,Greenacre - South,Greenacre
2996,10033930000,0,Greenacre - South,Greenacre
2997,10033940000,0,Greenacre - South,Greenacre
2998,10033950000,0,Greenacre - South,Greenacre
2999,10033961000,0,Greenacre - South,Greenacre
3000,10033962000,0,Greenacre - South,Greenacre
3001,10033970000,0,Greenacre - South,Greenacre
3002,10033980000,0,Greenacre - South,Greenacre
3003,10033991000,0,Greenacre - South,Greenacre
3004,10033992000,0,Greenacre - South,Greenacre
3005,10034000000,0,Greenacre - South,Greenacre
3006,10034010000,0,Greenacre - South,Greenacre
3007,10034020000,0,Greenacre - South,Greenacre
3008,10034031000,0,Greenacre - South,Greenacre
3009,10034032000,0,Greenacre - South,Greenacre
3010,10034040000,0,Greenacre - South,Greenacre
3011,10034050000,0,Greenacre - South,Greenacre
3012,10034060000,0,Greenacre - South,Greenacre
3013,10034080000,0,Greenacre - South,Greenacre
3014,10034090000,0,Greenacre - South,Greenacre
3015,10034100000,0,Greenacre - South,Greenacre
3016,10034110000,0,Greenacre - South,Greenacre
3017,10034120000,0,Greenacre - South,Greenacre
3018,10034130000,0,Greenacre - South,Greenacre
3019,10034140000,0,Greenacre - South,Greenacre
3020,10034150000,0,Greenacre - South,Greenacre
3021,10034160000,0,Greenacre - South,Greenacre
3022,10034170000,0,Greenacre - South,Greenacre
3023,10034180000,0,Greenacre - South,Greenacre
3024,10034190000,0,Greenacre - South,Greenacre
3025,10034200000,0,Greenacre - South,Punchbowl
3026,10034211000,0,Greenacre - South,Greenacre
3027,10034212000,0,Greenacre - South,Greenacre
3028,10034220000,0,Greenacre - South,Greenacre
3029,10034230000,0,Greenacre - South,Greenacre
3030,10034240000,0,Greenacre - South,Greenacre
3031,10034250000,0,Greenacre - South,Greenacre
3032,10034270000,0,Greenacre - South,Greenacre
3033,10034280000,0,Greenacre - South,Greenacre
3034,10034290000,0,Greenacre - South,Greenacre
3035,10034300000,0,Greenacre - South,Mount Lewis
3036,10034310000,0,Greenacre - South,Mount Lewis
3037,10034320000,0,Greenacre - South,Mount Lewis
3038,10034330000,0,Greenacre - South,Mount Lewis
3039,10034350000,0,Greenacre - South,Greenacre
3040,10034360000,0,Greenacre - South,Greenacre
3041,10034370000,0,Greenacre - South,Greenacre
3042,10034380000,0,Greenacre - South,Mount Lewis
3043,10034390000,0,Greenacre - South,Mount Lewis
3044,10034410000,0,Greenacre - South,Mount Lewis
3045,10034421000,0,Greenacre - South,Mount Lewis
3046,10034422000,0,Greenacre - South,Mount Lewis
3047,10034430000,0,Greenacre - South,Mount Lewis
3048,10034440000,0,Greenacre - South,Greenacre
3049,10034450000,0,Greenacre - South,Greenacre
3050,10034460000,0,Greenacre - South,Greenacre
3051,10034470000,0,Greenacre - South,Greenacre
3052,10034480000,0,Greenacre - South,Greenacre
3053,10034490000,0,Greenacre - South,Bankstown
3054,10034500000,0,Bankstown - North,Bankstown
3055,10034520000,0,Bankstown - North,Bankstown
3056,10034530000,0,Punchbowl,Punchbowl
3057,10034540000,0,Punchbowl,Punchbowl
3058,10034550000,0,Punchbowl,Punchbowl
3059,10034560000,0,Punchbowl,Punchbowl
3060,10034570000,0,Punchbowl,Punchbowl
3061,10034580000,0,Punchbowl,Punchbowl
3062,10034590000,0,Punchbowl,Punchbowl
3063,10034600000,0,Punchbowl,Punchbowl
3064,10034610000,0,Punchbowl,Punchbowl
3065,10034620000,0,Punchbowl,Punchbowl
3066,10034631000,0,Punchbowl,Punchbowl
3067,10034632000,0,Punchbowl,Punchbowl
3068,10034640000,0,Punchbowl,Punchbowl
3069,10034650000,0,Punchbowl,Punchbowl
3070,10034660000,0,Punchbowl,Punchbowl
3071,10034670000,0,Punchbowl,Punchbowl
3072,10034680000,0,Punchbowl,Punchbowl
3073,10034690000,0,Punchbowl,Punchbowl
3074,10034700000,0,Punchbowl,Punchbowl
3075,10034711000,0,Punchbowl,Punchbowl
3076,10034712000,0,Punchbowl,Punchbowl
3077,10034720000,0,Punchbowl,Punchbowl
3078,10034731000,0,Punchbowl,Punchbowl
3079,10034732000,0,Punchbowl,Punchbowl
3080,10034733000,0,Punchbowl,Punchbowl
3081,10034740000,0,Punchbowl,Punchbowl
3082,10034750000,0,Punchbowl,Punchbowl
3083,10034760000,0,Bankstown - South,Bankstown
3084,10034770000,0,Bankstown - South,Bankstown
3085,10034780000,0,Bankstown - South,Bankstown
3086,10034791000,0,Bankstown - South,Bankstown
3087,10034792000,0,Bankstown - South,Bankstown
3088,10034793000,0,Bankstown - South,Bankstown
3089,10034800000,0,Bankstown - South,Bankstown
3090,10034810000,0,Bankstown - South,Bankstown
3092,10034841000,0,Punchbowl,Bankstown
3093,10034842000,0,Bankstown - South,Bankstown
3096,10034870000,0,Bankstown - South,Bankstown
3098,10034891000,0,Punchbowl,Punchbowl
3099,10034892000,0,Punchbowl,Punchbowl
3102,10034912000,0,Punchbowl,Bankstown
3103,10034920000,0,Punchbowl,Punchbowl
3104,10034930000,0,Punchbowl,Punchbowl
3107,10034970000,0,Punchbowl,Punchbowl
3109,10034990000,0,Punchbowl,Punchbowl
3110,10035001000,0,Punchbowl,Punchbowl
3111,10035002000,0,Punchbowl,Punchbowl
3112,10035010000,0,Punchbowl,Punchbowl
3113,10035020000,0,Punchbowl,Punchbowl
3114,10035030000,0,Punchbowl,Punchbowl
3115,10035041000,0,Punchbowl,Punchbowl
3116,10035042000,0,Punchbowl,Punchbowl
3117,10035050000,0,Punchbowl,Punchbowl
3118,10035060000,0,Punchbowl,Punchbowl
3119,10035070000,0,Punchbowl,Punchbowl
3120,10035080000,0,Punchbowl,Punchbowl
3121,10035130000,0,Greenacre - South,Punchbowl
3122,10035140000,0,Punchbowl,Punchbowl
3149,10035430000,0,Bankstown - North,Bankstown
3150,10035440000,0,Bankstown - North,Bankstown
3151,10035490000,0,Bankstown - North,Bankstown
3152,10035500000,0,Bankstown - North,Bankstown
3155,10035530000,0,Bankstown - North,Bankstown
3156,10035540000,0,Bankstown - North,Bankstown
3157,10035550000,0,Bankstown - North,Bankstown
3330,10037350000,0,Greenacre - South,Mount Lewis
3331,10037360000,0,Greenacre - North,Greenacre
3332,10037370000,0,Greenacre - North,Greenacre
3333,10037380000,0,Greenacre - North,Greenacre
3334,10037392000,0,Greenacre - South,Bankstown
3335,10037393000,0,Bankstown - North,Bankstown
3336,10037395000,0,Bankstown - North,Bankstown
3337,10037400000,0,Greenacre - North,Greenacre
3338,10037410000,0,Greenacre - North,Greenacre
3339,10037420000,0,Greenacre - North,Greenacre
3341,10037440000,0,Greenacre - North,Greenacre
16245,10181310000,0,Punchbowl,Punchbowl
16247,10181340000,0,Punchbowl,Punchbowl
16249,10181360000,0,Punchbowl,Punchbowl
16250,10181370000,0,Punchbowl,Punchbowl
16251,10181380000,0,Punchbowl,Punchbowl
16252,10181390000,0,Punchbowl,Punchbowl
16253,10181400000,0,Punchbowl,Punchbowl
16255,10181430000,0,Punchbowl,Punchbowl
16256,10181440000,0,Roselands,Roselands
16259,10181470000,0,Roselands,Roselands
16330,10182220000,0,Punchbowl,Punchbowl
16331,10182230000,0,Punchbowl,Punchbowl
16332,10182240000,0,Punchbowl,Punchbowl
16333,10182250000,0,Wiley Park,Wiley Park
16334,10182260000,0,Lakemba,Lakemba
16355,10182630000,0,Lakemba,Lakemba
16356,10182660000,0,Punchbowl,Punchbowl
16357,10182670000,0,Punchbowl,Punchbowl
16365,10182760000,0,Punchbowl,Punchbowl
16366,10182780000,0,Roselands,Roselands
16367,10182790000,0,Roselands,Roselands
16368,10182800000,0,Roselands,Roselands
16369,10182810000,0,Roselands,Roselands
16370,10182820000,0,Roselands,Roselands
16371,10182830000,0,Roselands,Roselands
16372,10182840000,0,Wiley Park,Wiley Park
16407,10183300000,0,Wiley Park,Wiley Park
16412,10183370000,0,Wiley Park,Wiley Park
16489,10184411000,0,Punchbowl,Punchbowl
16491,10184430000,0,Roselands,Roselands
16734,10187030000,0,Lakemba,Lakemba
16735,10187040000,0,Lakemba,Lakemba
16972,10189340000,0,Lakemba,Lakemba
16974,10189360000,0,Lakemba,Lakemba
16975,10189370000,0,Lakemba,Lakemba
16976,10189380000,0,Lakemba,Lakemba
16977,10189390000,0,Lakemba,Lakemba
16978,10189400000,0,Lakemba,Lakemba
16979,10189410000,0,Lakemba,Lakemba
16980,10189420000,0,Lakemba,Lakemba
16981,10189430000,0,Lakemba,Lakemba
16982,10189440000,0,Lakemba,Lakemba
16983,10189470000,0,Lakemba,Lakemba
16984,10189480000,0,Lakemba,Lakemba
16985,10189490000,0,Lakemba,Lakemba
16986,10189500000,0,Lakemba,Lakemba
16987,10189510000,0,Lakemba,Lakemba
16988,10189520000,0,Lakemba,Lakemba
16989,10189540000,0,Lakemba,Lakemba
16990,10189550000,0,Lakemba,Lakemba
16991,10189560000,0,Lakemba,Lakemba
16992,10189570000,0,Lakemba,Lakemba
16993,10189580000,0,Lakemba,Lakemba
16994,10189590000,0,Lakemba,Lakemba
16995,10189600000,0,Lakemba,Lakemba
16996,10189610000,0,Lakemba,Lakemba
16997,10189620000,0,Lakemba,Lakemba
16998,10189630000,0,Lakemba,Lakemba
16999,10189640000,0,Lakemba,Lakemba
17000,10189650000,0,Lakemba,Lakemba
17001,10189660000,0,Lakemba,Lakemba
17002,10189670000,0,Lakemba,Lakemba
17003,10189680000,0,Lakemba,Lakemba
17004,10189690000,0,Lakemba,Lakemba
17005,10189700000,0,Lakemba,Lakemba
17006,10189720000,0,Lakemba,Lakemba
17007,10189730000,0,Lakemba,Lakemba
17008,10189740000,0,Lakemba,Lakemba
17009,10189750000,0,Lakemba,Lakemba
17010,10189760000,0,Lakemba,Lakemba
17011,10189770000,0,Lakemba,Lakemba
17012,10189780000,0,Lakemba,Lakemba
17013,10189790000,0,Lakemba,Lakemba
17014,10189800000,0,Lakemba,Lakemba
17015,10189810000,0,Lakemba,Lakemba
17016,10189820000,0,Lakemba,Lakemba
17017,10189830000,0,Lakemba,Lakemba
17018,10189840000,0,Lakemba,Lakemba
17019,10189850000,0,Lakemba,Lakemba
17020,10189860000,0,Lakemba,Lakemba
17021,10189870000,0,Lakemba,Lakemba
17022,10189880000,0,Lakemba,Lakemba
17023,10189890000,0,Lakemba,Lakemba
17024,10189901000,0,Lakemba,Lakemba
17025,10189902000,0,Lakemba,Lakemba
17028,10189920000,0,Lakemba,Lakemba
17029,10189930000,0,Lakemba,Lakemba
17030,10189940000,0,Lakemba,Lakemba
17031,10189950000,0,Lakemba,Lakemba
17032,10189960000,0,Lakemba,Lakemba
17033,10189970000,0,Lakemba,Lakemba
17034,10189981000,0,Lakemba,Lakemba
17035,10189982000,0,Lakemba,Lakemba
17036,10189990000,0,Lakemba,Lakemba
17041,10190060000,0,Lakemba,Lakemba
17044,10190090000,0,Lakemba,Lakemba
17045,10190100000,0,Lakemba,Lakemba
17057,10190220000,0,Wiley Park,Wiley Park
17058,10190230000,0,Wiley Park,Wiley Park
17059,10190240000,0,Wiley Park,Wiley Park
17060,10190280000,0,Wiley Park,Wiley Park
17061,10190300000,0,Wiley Park,Wiley Park
17062,10190310000,0,Wiley Park,Punchbowl
17063,10190340000,0,Wiley Park,Wiley Park
17064,10190350000,0,Wiley Park,Wiley Park
17065,10190360000,0,Wiley Park,Wiley Park
17066,10190420000,0,Wiley Park,Wiley Park
17067,10190450000,0,Wiley Park,Wiley Park
17068,10190460000,0,Wiley Park,Wiley Park
17069,10190470000,0,Wiley Park,Wiley Park
17070,10190480000,0,Wiley Park,Wiley Park
17071,10190490000,0,Wiley Park,Wiley Park
17072,10190500000,0,Wiley Park,Wiley Park
17073,10190520000,0,Wiley Park,Wiley Park
17074,10190540000,0,Wiley Park,Wiley Park
17075,10190560000,0,Wiley Park,Wiley Park
17076,10190571000,0,Wiley Park,Wiley Park
17077,10190572000,0,Wiley Park,Wiley Park
17078,10190580000,0,Wiley Park,Wiley Park
17079,10190590000,0,Wiley Park,Wiley Park
17080,10190600000,0,Wiley Park,Wiley Park
17081,10190610000,0,Wiley Park,Wiley Park
17082,10190620000,0,Wiley Park,Wiley Park
17083,10190640000,0,Wiley Park,Wiley Park
17084,10190650000,0,Wiley Park,Wiley Park
17085,10190660000,0,Wiley Park,Wiley Park
17086,10190670000,0,Wiley Park,Wiley Park
17087,10190680000,0,Wiley Park,Wiley Park
17088,10190690000,0,Wiley Park,Wiley Park
17089,10190700000,0,Wiley Park,Wiley Park
17090,10190710000,0,Wiley Park,Wiley Park
17091,10190740000,0,Wiley Park,Wiley Park
17092,10190750000,0,Wiley Park,Wiley Park
17093,10190761000,0,Wiley Park,Wiley Park
17094,10190762000,0,Wiley Park,Wiley Park
17095,10190800000,0,Wiley Park,Wiley Park
17096,10190820000,0,Punchbowl,Punchbowl
17097,10190830000,0,Punchbowl,Punchbowl
17098,10190840000,0,Punchbowl,Punchbowl
17099,10190850000,0,Punchbowl,Punchbowl
17100,10190860000,0,Punchbowl,Punchbowl
17101,10190880000,0,Punchbowl,Punchbowl
17102,10190890000,0,Punchbowl,Punchbowl
17103,10190910000,0,Punchbowl,Punchbowl
17104,10190921000,0,Punchbowl,Punchbowl
17105,10190922000,0,Punchbowl,Punchbowl
17106,10190923000,0,Punchbowl,Punchbowl
17107,10190932000,0,Punchbowl,Punchbowl
17108,10190933000,0,Punchbowl,Punchbowl
17109,10190940000,0,Punchbowl,Punchbowl
17110,10190950000,0,Punchbowl,Punchbowl
17111,10190960000,0,Punchbowl,Punchbowl
17112,10190970000,0,Punchbowl,Punchbowl
17113,10190980000,0,Punchbowl,Punchbowl
17114,10190990000,0,Punchbowl,Punchbowl
17115,10191000000,0,Punchbowl,Punchbowl
17116,10191010000,0,Punchbowl,Punchbowl
17117,10191020000,0,Punchbowl,Punchbowl
17118,10191040000,0,Punchbowl,Punchbowl
17119,10191050000,0,Punchbowl,Punchbowl
17120,10191061000,0,Punchbowl,Punchbowl
17121,10191062000,0,Punchbowl,Punchbowl
17122,10191070000,0,Punchbowl,Punchbowl
17123,10191091000,0,Punchbowl,Punchbowl
17124,10191100000,0,Punchbowl,Punchbowl
17125,10191110000,0,Punchbowl,Punchbowl
17126,10191120000,0,Punchbowl,Punchbowl
17127,10191130000,0,Punchbowl,Punchbowl
17128,10191140000,0,Punchbowl,Punchbowl
17129,10191150000,0,Punchbowl,Punchbowl
17130,10191160000,0,Punchbowl,Punchbowl
17131,10191170000,0,Punchbowl,Punchbowl
17132,10191180000,0,Punchbowl,Punchbowl
17133,10191190000,0,Punchbowl,Punchbowl
17134,10191200000,0,Punchbowl,Punchbowl
17135,10191210000,0,Punchbowl,Punchbowl
17136,10191220000,0,Punchbowl,Punchbowl
17137,10191230000,0,Punchbowl,Punchbowl
17138,10191240000,0,Punchbowl,Punchbowl
17139,10191251000,0,Roselands,Roselands
17140,10191252000,0,Roselands,Roselands
17141,10191253000,0,Roselands,Roselands
17142,10191254000,0,Roselands,Roselands
17143,10191255000,0,Roselands,Roselands
17144,10191256000,0,Roselands,Roselands
17145,10191280000,0,Wiley Park,Wiley Park
17146,10191290000,0,Wiley Park,Wiley Park
17147,10191311000,0,Wiley Park,Wiley Park
17148,10191340000,0,Wiley Park,Wiley Park
17149,10191350000,0,Wiley Park,Wiley Park
17150,10191370000,0,Wiley Park,Wiley Park
17151,10191380000,0,Wiley Park,Wiley Park
17152,10191390000,0,Wiley Park,Wiley Park
17153,10191410000,0,Wiley Park,Wiley Park
17154,10191420000,0,Wiley Park,Wiley Park
17155,10191430000,0,Wiley Park,Wiley Park
17156,10191440000,0,Wiley Park,Wiley Park
17157,10191450000,0,Wiley Park,Wiley Park
17158,10191470000,0,Wiley Park,Wiley Park
17159,10191500000,0,Wiley Park,Wiley Park
17160,10191520000,0,Wiley Park,Wiley Park
17161,10191570000,0,Wiley Park,Wiley Park
17162,10191590000,0,Wiley Park,Wiley Park
17163,10191600000,0,Wiley Park,Wiley Park
17164,10191630000,0,Wiley Park,Wiley Park
17165,10191650000,0,Wiley Park,Wiley Park
17166,10191660000,0,Wiley Park,Wiley Park
17167,10191670000,0,Wiley Park,Wiley Park
17168,10191680000,0,Wiley Park,Wiley Park
17169,10191700000,0,Wiley Park,Wiley Park
17170,10191740000,0,Wiley Park,Wiley Park
17171,10191750000,0,Wiley Park,Wiley Park
17172,10191780000,0,Wiley Park,Wiley Park
17173,10191820000,0,Wiley Park,Wiley Park
17174,10191830000,0,Wiley Park,Wiley Park
17175,10191850000,0,Wiley Park,Wiley Park
17176,10191880000,0,Wiley Park,Wiley Park
17177,10191900000,0,Wiley Park,Wiley Park
17178,10191910000,0,Wiley Park,Wiley Park
17179,10191920000,0,Wiley Park,Wiley Park
17180,10191930000,0,Wiley Park,Wiley Park
17181,10191940000,0,Wiley Park,Wiley Park
17182,10191960000,0,Wiley Park,Wiley Park
17183,10191970000,0,Wiley Park,Wiley Park
17184,10191990000,0,Punchbowl,Punchbowl
17185,10192000000,0,Punchbowl,Punchbowl
17187,10192012000,0,Punchbowl,Punchbowl
17188,10192020000,0,Punchbowl,Punchbowl
17190,10192040000,0,Punchbowl,Punchbowl
17191,10192050000,0,Punchbowl,Punchbowl
17192,10192060000,0,Punchbowl,Punchbowl
17193,10192070000,0,Punchbowl,Punchbowl
17194,10192080000,0,Punchbowl,Punchbowl
17195,10192090000,0,Punchbowl,Punchbowl
17196,10192100000,0,Punchbowl,Punchbowl
17197,10192110000,0,Punchbowl,Punchbowl
17198,10192120000,0,Punchbowl,Punchbowl
17199,10192130000,0,Punchbowl,Punchbowl
17200,10192140000,0,Punchbowl,Punchbowl
17201,10192150000,0,Punchbowl,Punchbowl
17202,10192160000,0,Punchbowl,Punchbowl
17204,10192180000,0,Punchbowl,Punchbowl
17205,10192190000,0,Punchbowl,Punchbowl
17206,10192200000,0,Punchbowl,Punchbowl
17207,10192210000,0,Punchbowl,Punchbowl
17208,10192220000,0,Punchbowl,Punchbowl
17211,10192250000,0,Roselands,Roselands
17212,10192260000,0,Punchbowl,Punchbowl
17213,10192271000,0,Punchbowl,Punchbowl
17214,10192272000,0,Punchbowl,Punchbowl
17215,10192280000,0,Roselands,Roselands
17216,10192290000,0,Roselands,Roselands
17217,10192300000,0,Punchbowl,Punchbowl
17218,10192310000,0,Punchbowl,Punchbowl
17219,10192320000,0,Punchbowl,Punchbowl
17220,10192330000,0,Roselands,Roselands
17221,10192340000,0,Roselands,Roselands
17222,10192350000,0,Roselands,Roselands
17223,10192360000,0,Roselands,Roselands
17224,10192370000,0,Roselands,Roselands
17225,10192380000,0,Roselands,Roselands
17226,10192390000,0,Roselands,Roselands
17227,10192400000,0,Roselands,Roselands
17228,10192410000,0,Roselands,Roselands
17229,10192430000,0,Roselands,Roselands
17230,10192440000,0,Roselands,Roselands
17304,10193250000,0,Lakemba,Lakemba
17315,10193320000,0,Lakemba,Lakemba
17316,10193341000,0,Lakemba,Lakemba
17317,10193342000,0,Lakemba,Lakemba
17318,10193350000,0,Lakemba,Lakemba
17319,10193360000,0,Lakemba,Lakemba
17320,10193370000,0,Lakemba,Lakemba
17321,10193380000,0,Lakemba,Lakemba
17322,10193400000,0,Lakemba,Lakemba
17323,10193410000,0,Lakemba,Lakemba
17329,10193490000,0,Lakemba,Lakemba
17333,10193530000,0,Lakemba,Lakemba
17334,10193540000,0,Lakemba,Lakemba
17336,10193560000,0,Lakemba,Lakemba
17337,10193570000,0,Lakemba,Lakemba
17376,10193930000,0,Roselands,Roselands
17377,10193940000,0,Roselands,Roselands
17378,10193950000,0,Roselands,Roselands
17379,10193960000,0,Roselands,Roselands
17380,10193971000,0,Roselands,Roselands
17381,10193972000,0,Roselands,Roselands
17382,10193980000,0,Roselands,Roselands
17383,10193990000,0,Roselands,Roselands
17385,10194010000,0,Roselands,Roselands
17389,10194060000,0,Roselands,Roselands
17428,10194530000,0,Punchbowl,Punchbowl
17429,10194540000,0,Punchbowl,Punchbowl
17623,10196450000,0,Wiley Park,Wiley Park
17624,10196460000,0,Wiley Park,Wiley Park
17625,10196471000,0,Punchbowl,Punchbowl
17626,10196472000,0,Punchbowl,Punchbowl
17627,10196480000,0,Punchbowl,Punchbowl
17628,10196500000,0,Punchbowl,Punchbowl
17636,10196540000,0,Punchbowl,Punchbowl
17637,10196550000,0,Punchbowl,Punchbowl
17644,10196620000,0,Punchbowl,Punchbowl
66423,10713550000,0,Greenacre - North,Greenacre
66426,10713580000,0,Greenacre - North,Greenacre
66477,10714130000,0,Greenacre - North,Greenacre
66478,10714140000,0,Greenacre - North,Greenacre
66483,10714200000,0,Greenacre - North,Greenacre
66484,10714220000,0,Greenacre - North,Greenacre
66485,10714231000,0,Greenacre - North,Greenacre
66486,10714232000,0,Greenacre - North,Greenacre
66487,10714233000,0,Greenacre - North,Greenacre
66496,10714320000,0,Greenacre - North,Greenacre
66497,10714330000,0,Greenacre - North,Greenacre
66498,10714340000,0,Greenacre - North,Greenacre
66499,10714350000,0,Greenacre - North,Greenacre
66500,10714360000,0,Greenacre - North,Greenacre
66717,10716881000,0,Greenacre - North,Greenacre
85303,10919090000,0,Lakemba,Lakemba
85304,10919100000,0,Lakemba,Lakemba
85305,10919120000,0,Greenacre - North,Greenacre
85306,10919130000,0,Greenacre - North,Greenacre
85307,10919140000,0,Greenacre - North,Greenacre
85316,10919240000,0,Greenacre - North,Greenacre
85317,10919250000,0,Greenacre - North,Greenacre
85319,10919270000,0,Greenacre - South,Greenacre
85320,10919280000,0,Greenacre - South,Greenacre
85321,10919290000,0,Punchbowl,Punchbowl
85322,10919300000,0,Greenacre - North,Greenacre
85323,10919310000,0,Greenacre - North,Greenacre
85325,10919330000,0,Greenacre - South,Greenacre
85326,10919350000,0,Greenacre - South,Mount Lewis
85327,10919360000,0,Bankstown - South,Bankstown
85331,10919430000,0,Bankstown - South,Bankstown
85332,10919440000,0,Bankstown - South,Bankstown
85333,10919450000,0,Bankstown - South,Bankstown
85334,10919460000,0,Bankstown - South,Bankstown
85335,10919470000,0,Bankstown - South,Bankstown
85336,10919480000,0,Bankstown - South,Bankstown
85337,10919490000,0,Bankstown - South,Bankstown
85338,10919500000,0,Bankstown - North,Bankstown
85339,10919510000,0,Bankstown - North,Bankstown
92071,11001080000,0,Punchbowl,Punchbowl
92072,11001090000,0,Roselands,Roselands
92073,11001110000,0,Roselands,Roselands
94508,11204457500,0,Lakemba,Lakemba
94509,11204457600,0,Lakemba,Lakemba
94546,11204461700,0,Bankstown - North,Bankstown
94547,11204461800,0,Bankstown - North,Bankstown
95613,11204573400,0,Punchbowl,Punchbowl
95614,11204573500,0,Punchbowl,Punchbowl
96565,11204672900,0,Bankstown - South,Punchbowl
96812,11204697800,0,Punchbowl,Punchbowl
96939,11204710600,0,Wiley Park,Wiley Park
96955,11204712200,0,Wiley Park,Wiley Park
97006,11204717300,0,Wiley Park,Wiley Park
97216,11204738800,0,Bankstown - North,Bankstown
97357,11204753200,0,Wiley Park,Wiley Park
97461,11204763800,0,Wiley Park,Wiley Park
97462,11204763900,0,Lakemba,Lakemba
97571,11204775200,0,Punchbowl,Punchbowl
97737,11204792100,0,Bankstown - South,Punchbowl
97810,11204799400,0,Wiley Park,Wiley Park
97973,11204815700,0,Punchbowl,Punchbowl
98056,11204824300,0,Lakemba,Lakemba
98225,11204841800,0,Lakemba,Lakemba
98245,11204843800,0,Wiley Park,Wiley Park
98246,11204843900,0,Wiley Park,Wiley Park
98318,11204851100,0,Punchbowl,Punchbowl
98455,11204865100,0,Lakemba,Lakemba
98493,11204869000,0,Wiley Park,Wiley Park
98928,11204913400,0,Punchbowl,Punchbowl
98929,11204913600,0,Wiley Park,Wiley Park
98930,11204913700,0,Wiley Park,Wiley Park
98933,11204914000,0,Chullora,Chullora
99311,11204952700,0,Punchbowl,Punchbowl
99312,11204952800,0,Punchbowl,Punchbowl
99313,11204952900,0,Punchbowl,Punchbowl
99605,11204982500,0,Wiley Park,Wiley Park
99726,11204994700,0,Lakemba,Lakemba
99815,11205003800,0,Punchbowl,Punchbowl
99841,11205006500,0,Bankstown - North,Bankstown
99842,11205006600,0,Bankstown - North,Bankstown
100025,11205025500,0,Punchbowl,Punchbowl
100563,11205080800,0,Punchbowl,Punchbowl
100968,11205121800,0,Punchbowl,Punchbowl
101076,11205133100,0,Wiley Park,Wiley Park
101528,11205179600,0,Wiley Park,Wiley Park
104577,11205495200,0,Punchbowl,Punchbowl
104628,11205500400,0,Lakemba,Lakemba
104659,11205503600,0,Bankstown - North,Bankstown
104667,11205504400,0,Bankstown - North,Bankstown
104722,11205509900,0,Chullora,Chullora
104782,11205515900,0,Bankstown - North,Mount Lewis
104831,11205520900,0,Punchbowl,Punchbowl
104833,11205521100,0,Punchbowl,Punchbowl
104834,11205521200,0,Punchbowl,Punchbowl
104835,11205521300,0,Punchbowl,Punchbowl
104836,11205521400,0,Punchbowl,Punchbowl
104875,11205525500,0,Wiley Park,Wiley Park
104876,11205525600,0,Wiley Park,Wiley Park
104877,11205525700,0,Lakemba,Lakemba
104878,11205525800,0,Lakemba,Lakemba
105086,11205548000,0,Bankstown - North,Bankstown
105087,11205548100,0,Bankstown - North,Bankstown
105805,11205623700,0,Wiley Park,Wiley Park
105846,11205627800,0,Strathfield South,Greenacre
106082,11205652200,0,Wiley Park,Wiley Park
106099,11205654000,0,Punchbowl,Riverwood
106154,11205659900,0,Lakemba,Lakemba
106187,11205663400,0,Wiley Park,Wiley Park
106911,11205736900,0,Wiley Park,Wiley Park
107967,11205848000,0,Bankstown - North,Bankstown
108034,11205854900,0,Punchbowl,Punchbowl
108238,11205876200,0,Punchbowl,Punchbowl
108437,11207720000,0,Wiley Park,Wiley Park
109577,11219230000,1,Greenacre - North,Greenacre
109703,11220490000,1,Greenacre - North,Greenacre
110164,11225100000,1,Greenacre - North,Greenacre
110165,11225110000,1,Greenacre - North,Greenacre
4002,10044760000,0,Panania (North) - Milperra,Milperra
4003,10044770000,0,Panania (North) - Milperra,Milperra
4004,10044790000,0,Panania (North) - Milperra,East Hills
4005,10044800000,0,Panania (North) - Milperra,Milperra
4006,10044810000,0,Panania (North) - Milperra,Milperra
4007,10044820000,0,Panania (North) - Milperra,Milperra
4008,10044830000,0,Panania (North) - Milperra,East Hills
4009,10044840000,0,Panania (North) - Milperra,Milperra
4010,10044850000,0,Panania (North) - Milperra,Milperra
4011,10044860000,0,Panania (North) - Milperra,Panania
4012,10044870000,0,Panania (North) - Milperra,Panania
4013,10044881000,0,Panania (South) - Picnic Point,Picnic Point
4014,10044882000,0,Panania (South) - Picnic Point,Picnic Point
4015,10044890000,0,Panania (South) - Picnic Point,Panania
4016,10044900000,0,Panania (North) - Milperra,Panania
4017,10044910000,0,Panania (South) - Picnic Point,Panania
4018,10044920000,0,Panania (North) - Milperra,Panania
4019,10044930000,0,Panania (South) - Picnic Point,Panania
4020,10044940000,0,Panania (North) - Milperra,Panania
4021,10044950000,0,Panania (South) - Picnic Point,Panania
4022,10044960000,0,Panania (North) - Milperra,Panania
4023,10044970000,0,Panania (South) - Picnic Point,Panania
4024,10044980000,0,Panania (North) - Milperra,Panania
4025,10044990000,0,Panania (North) - Milperra,Panania
4026,10045000000,0,Panania (North) - Milperra,Panania
4027,10045010000,0,Panania (North) - Milperra,Panania
4028,10045020000,0,Panania (North) - Milperra,Panania
4029,10045030000,0,Panania (North) - Milperra,Panania
4030,10045040000,0,Panania (South) - Picnic Point,Panania
4031,10045050000,0,Panania (North) - Milperra,Panania
4032,10045060000,0,Panania (North) - Milperra,Panania
4033,10045070000,0,Panania (North) - Milperra,Panania
4034,10045080000,0,Panania (South) - Picnic Point,Picnic Point
4035,10045090000,0,Panania (North) - Milperra,Panania
4036,10045100000,0,Panania (South) - Picnic Point,Panania
4037,10045110000,0,Revesby,Revesby
4038,10045120000,0,Revesby,Revesby
4039,10045140000,0,Revesby,Revesby
4040,10045150000,0,Revesby,Revesby
4041,10045160000,0,Panania (South) - Picnic Point,Panania
4042,10045170000,0,Revesby,Revesby
4043,10045180000,0,Revesby,Revesby
4044,10045190000,0,Revesby,Revesby
4045,10045200000,0,Revesby,Revesby Heights
4046,10045210000,0,Revesby,Revesby
4047,10045220000,0,Revesby,Revesby
4048,10045230000,0,Revesby,Revesby Heights
4049,10045240000,0,Revesby,Revesby
4051,10045260000,0,Padstow,Padstow
4052,10045270000,0,Padstow,Padstow
4053,10045280000,0,Padstow,Padstow
4054,10045290000,0,Padstow,Padstow
4055,10045300000,0,Padstow,Padstow
4056,10045310000,0,Padstow,Padstow
4057,10045320000,0,Padstow,Padstow Heights
4058,10045330000,0,Padstow,Padstow
4059,10045340000,0,Padstow,Padstow
4060,10045350000,0,Padstow,Padstow
4061,10045360000,0,Padstow,Padstow
4062,10045370000,0,Padstow,Padstow
4063,10045380000,0,Padstow,Padstow
4064,10045390000,0,Padstow,Padstow
4065,10045400000,0,Padstow,Padstow Heights
4067,10045420000,0,Panania (North) - Milperra,East Hills
4068,10045430000,0,Panania (South) - Picnic Point,Panania
4069,10045440000,0,Panania (South) - Picnic Point,Panania
4070,10045450000,0,Padstow,Padstow Heights
4071,10045460000,0,Padstow,Padstow Heights
4072,10045470000,0,Padstow,Padstow Heights
4073,10045480000,0,Padstow,Padstow
4077,10045520000,0,Revesby,Revesby
4078,10045530000,0,Revesby,Revesby
4079,10045540000,0,Revesby,Revesby
4080,10045550000,0,Padstow,Padstow Heights
4081,10045560000,0,Panania (North) - Milperra,Milperra
4083,10045600000,0,Panania (North) - Milperra,Milperra
4084,10045630000,0,Panania (North) - Milperra,Milperra
4085,10045640000,0,Panania (North) - Milperra,Milperra
4086,10045680000,0,Panania (North) - Milperra,Milperra
4087,10045690000,0,Panania (North) - Milperra,Milperra
4088,10045700000,0,Panania (North) - Milperra,Milperra
4089,10045710000,0,Revesby,Revesby
4090,10045721000,0,Revesby,Revesby
4091,10045740000,0,Panania (North) - Milperra,East Hills
4092,10045750000,0,Panania (North) - Milperra,Panania
4093,10045760000,0,Panania (North) - Milperra,Panania
4096,10045810000,0,Panania (North) - Milperra,Milperra
4097,10045820000,0,Panania (North) - Milperra,Milperra
4098,10045841000,0,Panania (North) - Milperra,Milperra
4099,10045842000,0,Panania (North) - Milperra,Milperra
4100,10045850000,0,Panania (North) - Milperra,Milperra
4101,10045860000,0,Panania (North) - Milperra,Milperra
4102,10045870000,0,Panania (North) - Milperra,Milperra
4103,10045880000,0,Panania (North) - Milperra,Milperra
4106,10045910000,0,Panania (North) - Milperra,Milperra
4107,10045921000,0,Panania (North) - Milperra,Milperra
4108,10045922000,0,Panania (North) - Milperra,Milperra
4109,10045930000,0,Panania (North) - Milperra,Milperra
4110,10045942000,0,Panania (North) - Milperra,Milperra
4119,10046000000,0,Condell Park,Milperra
4121,10046020000,0,Condell Park,Revesby
4125,10046050000,0,Revesby,Revesby
4126,10046070000,0,Revesby,Revesby
4127,10046080000,0,Revesby,Padstow
4128,10046090000,0,Revesby,Padstow
4129,10046100000,0,Revesby,Revesby
4130,10046110000,0,Revesby,Padstow
4131,10046120000,0,Revesby,Revesby
4132,10046130000,0,Revesby,Padstow
4133,10046160000,0,Bankstown - South,Padstow
4134,10046170000,0,Bankstown - South,Padstow
4135,10046181000,0,Bankstown - South,Padstow
4138,10046200000,0,Padstow,Padstow
4139,10046210000,0,Revesby,Revesby
4140,10046220000,0,Revesby,Revesby
4141,10046230000,0,Revesby,Revesby
4142,10046240000,0,Panania (North) - Milperra,Panania
4143,10046250000,0,Panania (North) - Milperra,East Hills
4144,10046262000,0,Panania (North) - Milperra,East Hills
4145,10046270000,0,Panania (North) - Milperra,East Hills
4146,10046290000,0,Panania (North) - Milperra,East Hills
4147,10046300000,0,Panania (North) - Milperra,Panania
4148,10046311000,0,Panania (North) - Milperra,Panania
4149,10046312000,0,Panania (North) - Milperra,Panania
4150,10046320000,0,Panania (North) - Milperra,Panania
4151,10046330000,0,Panania (North) - Milperra,Panania
4152,10046341000,0,Panania (North) - Milperra,Panania
4153,10046342000,0,Panania (North) - Milperra,Panania
4154,10046360000,0,Panania (North) - Milperra,Panania
4155,10046370000,0,Panania (North) - Milperra,Panania
4156,10046380000,0,Panania (North) - Milperra,Panania
4157,10046390000,0,Panania (North) - Milperra,Panania
4158,10046400000,0,Panania (North) - Milperra,Panania
4159,10046410000,0,Panania (North) - Milperra,Panania
4160,10046420000,0,Panania (North) - Milperra,Panania
4161,10046430000,0,Panania (North) - Milperra,Panania
4162,10046440000,0,Panania (North) - Milperra,Panania
4163,10046460000,0,Panania (North) - Milperra,Panania
4164,10046470000,0,Panania (North) - Milperra,Panania
4165,10046480000,0,Revesby,Revesby
4166,10046510000,0,Panania (North) - Milperra,Panania
4167,10046520000,0,Panania (North) - Milperra,Panania
4171,10046560000,0,Panania (North) - Milperra,Panania
4172,10046580000,0,Revesby,Revesby
4173,10046591000,0,Revesby,Revesby
4174,10046592000,0,Revesby,Revesby
4175,10046601000,0,Revesby,Revesby
4176,10046603000,0,Revesby,Revesby
4177,10046604000,0,Revesby,Revesby
4178,10046610000,0,Revesby,Revesby
4179,10046640000,0,Revesby,Revesby
4180,10046650000,0,Revesby,Revesby
4181,10046660000,0,Revesby,Revesby
4182,10046670000,0,Revesby,Revesby
4183,10046680000,0,Revesby,Revesby
4184,10046700000,0,Revesby,Revesby
4185,10046710000,0,Revesby,Revesby
4186,10046720000,0,Panania (North) - Milperra,Panania
4187,10046740000,0,Revesby,Revesby
4188,10046760000,0,Revesby,Revesby
4189,10046770000,0,Revesby,Revesby
4190,10046780000,0,Revesby,Revesby
4191,10046790000,0,Revesby,Revesby
4192,10046810000,0,Revesby,Revesby
4193,10046820000,0,Revesby,Revesby
4194,10046830000,0,Padstow,Padstow
4195,10046840000,0,Padstow,Padstow
4196,10046850000,0,Padstow,Padstow
4197,10046860000,0,Padstow,Padstow
4198,10046880000,0,Padstow,Padstow
4199,10046890000,0,Padstow,Padstow
4200,10046900000,0,Panania (South) - Picnic Point,Panania
4201,10046910000,0,Panania (South) - Picnic Point,Panania
4202,10046940000,0,Revesby,Revesby
4203,10046970000,0,Revesby,Revesby
4204,10047000000,0,Revesby,Revesby
4205,10047010000,0,Revesby,Revesby
4206,10047030000,0,Padstow,Padstow
4207,10047041000,0,Panania (North) - Milperra,Panania
4208,10047042000,0,Panania (North) - Milperra,Panania
4209,10047043000,0,Panania (North) - Milperra,Panania
4210,10047060000,0,Panania (South) - Picnic Point,East Hills
4211,10047070000,0,Panania (South) - Picnic Point,Panania
4212,10047080000,0,Panania (South) - Picnic Point,Picnic Point
4213,10047090000,0,Revesby,Revesby
4214,10047100000,0,Revesby,Revesby
4215,10047110000,0,Revesby,Revesby
4216,10047120000,0,Revesby,Revesby
4217,10047140000,0,Padstow,Padstow Heights
4218,10047150000,0,Padstow,Padstow Heights
4219,10047160000,0,Padstow,Padstow
4220,10047170000,0,Padstow,Padstow
4221,10047180000,0,Panania (South) - Picnic Point,Panania
4222,10047190000,0,Revesby,Revesby
4223,10047201000,0,Revesby,Revesby
4224,10047205000,0,Revesby,Revesby
4225,10047206000,0,Revesby,Revesby
4226,10047207000,0,Revesby,Revesby
4227,10047210000,0,Panania (South) - Picnic Point,East Hills
4228,10047220000,0,Panania (South) - Picnic Point,East Hills
4229,10047230000,0,Panania (South) - Picnic Point,Revesby Heights
4230,10047260000,0,Panania (South) - Picnic Point,Panania
4231,10047281000,0,Panania (South) - Picnic Point,Panania
4232,10047282000,0,Panania (South) - Picnic Point,Panania
4233,10047290000,0,Padstow,Padstow Heights
4234,10047300000,0,Padstow,Padstow Heights
4235,10047320000,0,Padstow,Padstow
4236,10047330000,0,Padstow,Padstow
4237,10047341000,0,Padstow,Padstow
4238,10047342000,0,Padstow,Padstow
4239,10047343000,0,Padstow,Padstow
4240,10047351000,0,Padstow,Padstow
4241,10047352000,0,Padstow,Padstow
4242,10047360000,0,Padstow,Padstow
4243,10047380000,0,Padstow,Padstow
4244,10047400000,0,Revesby,Revesby Heights
4245,10047410000,0,Padstow,Padstow
4246,10047420000,0,Padstow,Padstow
4247,10047430000,0,Padstow,Padstow
4248,10047440000,0,Revesby,Revesby
4249,10047450000,0,Revesby,Revesby
4250,10047460000,0,Revesby,Revesby
4251,10047470000,0,Revesby,Revesby
4252,10047510000,0,Revesby,Revesby
4253,10047520000,0,Revesby,Revesby
4254,10047531000,0,Revesby,Revesby
4255,10047532000,0,Revesby,Revesby
4256,10047540000,0,Revesby,Revesby
4257,10047550000,0,Revesby,Revesby
4258,10047560000,0,Revesby,Revesby
4259,10047570000,0,Revesby,Revesby
4260,10047580000,0,Revesby,Revesby
4261,10047590000,0,Revesby,Revesby
4262,10047600000,0,Revesby,Revesby
4263,10047610000,0,Revesby,Revesby
4264,10047620000,0,Revesby,Revesby
4265,10047630000,0,Revesby,Revesby
4266,10047640000,0,Revesby,Revesby
4267,10047650000,0,Revesby,Revesby
4268,10047660000,0,Revesby,Revesby
4269,10047670000,0,Revesby,Revesby
4270,10047681000,0,Revesby,Revesby
4271,10047682000,0,Revesby,Revesby
4272,10047690000,0,Revesby,Revesby
4273,10047700000,0,Revesby,Revesby
4274,10047710000,0,Revesby,Revesby
4275,10047720000,0,Padstow,Padstow
4276,10047730000,0,Revesby,Revesby
4277,10047740000,0,Revesby,Revesby
4278,10047750000,0,Revesby,Revesby
4279,10047761000,0,Revesby,Revesby
4280,10047762000,0,Revesby,Revesby
4281,10047770000,0,Revesby,Revesby
4282,10047780000,0,Revesby,Revesby
4283,10047800000,0,Revesby,Revesby
4284,10047810000,0,Revesby,Revesby
4285,10047820000,0,Revesby,Revesby
4286,10047830000,0,Revesby,Revesby
4287,10047840000,0,Revesby,Revesby
4288,10047850000,0,Revesby,Revesby
4289,10047860000,0,Revesby,Revesby
4290,10047890000,0,Padstow,Padstow
4291,10047900000,0,Padstow,Padstow
4292,10047910000,0,Padstow,Padstow
4293,10047920000,0,Padstow,Padstow
4294,10047940000,0,Padstow,Padstow
4295,10047950000,0,Padstow,Padstow
4296,10047960000,0,Padstow,Padstow
4297,10047970000,0,Padstow,Padstow
4298,10047980000,0,Padstow,Padstow
4299,10047990000,0,Padstow,Padstow
4300,10048002000,0,Padstow,Padstow
4301,10048003000,0,Padstow,Padstow
4302,10048010000,0,Padstow,Padstow
4303,10048020000,0,Padstow,Padstow
4304,10048030000,0,Padstow,Padstow
4305,10048040000,0,Padstow,Padstow
4306,10048050000,0,Padstow,Padstow
4307,10048060000,0,Padstow,Padstow
4308,10048070000,0,Padstow,Padstow
4309,10048080000,0,Padstow,Padstow
4310,10048090000,0,Padstow,Padstow
4311,10048101000,0,Padstow,Padstow
4312,10048102000,0,Padstow,Padstow
4313,10048110000,0,Padstow,Padstow
4314,10048120000,0,Padstow,Padstow
4315,10048130000,0,Padstow,Padstow
4316,10048140000,0,Revesby,Revesby
4317,10048160000,0,Revesby,Revesby Heights
4318,10048170000,0,Padstow,Padstow Heights
4319,10048181000,0,Panania (South) - Picnic Point,East Hills
4320,10048182000,0,Panania (South) - Picnic Point,East Hills
4321,10048190000,0,Panania (South) - Picnic Point,East Hills
4322,10048210000,0,Panania (South) - Picnic Point,East Hills
4323,10048220000,0,Panania (South) - Picnic Point,East Hills
4324,10048230000,0,Panania (South) - Picnic Point,East Hills
4325,10048260000,0,Panania (South) - Picnic Point,East Hills
4326,10048290000,0,Panania (South) - Picnic Point,East Hills
4327,10048300000,0,Panania (South) - Picnic Point,East Hills
4328,10048310000,0,Panania (South) - Picnic Point,East Hills
4329,10048320000,0,Panania (South) - Picnic Point,Picnic Point
4330,10048330000,0,Panania (South) - Picnic Point,Picnic Point
4331,10048340000,0,Panania (South) - Picnic Point,Picnic Point
4332,10048350000,0,Panania (South) - Picnic Point,Picnic Point
4333,10048360000,0,Panania (South) - Picnic Point,Picnic Point
4334,10048370000,0,Panania (South) - Picnic Point,Picnic Point
4335,10048380000,0,Panania (South) - Picnic Point,Picnic Point
4336,10048390000,0,Panania (South) - Picnic Point,Picnic Point
4337,10048400000,0,Panania (South) - Picnic Point,Picnic Point
4338,10048410000,0,Panania (South) - Picnic Point,Panania
4339,10048420000,0,Panania (South) - Picnic Point,Panania
4340,10048430000,0,Panania (South) - Picnic Point,Picnic Point
4341,10048440000,0,Panania (South) - Picnic Point,Picnic Point
4342,10048450000,0,Panania (South) - Picnic Point,Picnic Point
4343,10048470000,0,Panania (South) - Picnic Point,Picnic Point
4344,10048490000,0,Panania (South) - Picnic Point,Panania
4345,10048500000,0,Panania (South) - Picnic Point,Picnic Point
4346,10048510000,0,Panania (South) - Picnic Point,Picnic Point
4347,10048520000,0,Panania (South) - Picnic Point,Picnic Point
4348,10048530000,0,Panania (South) - Picnic Point,Picnic Point
4349,10048540000,0,Panania (South) - Picnic Point,Picnic Point
4350,10048550000,0,Panania (South) - Picnic Point,Picnic Point
4351,10048560000,0,Panania (South) - Picnic Point,Picnic Point
4352,10048570000,0,Panania (South) - Picnic Point,Picnic Point
4353,10048580000,0,Panania (South) - Picnic Point,Picnic Point
4354,10048590000,0,Panania (South) - Picnic Point,Picnic Point
4355,10048600000,0,Panania (South) - Picnic Point,Picnic Point
4356,10048610000,0,Panania (South) - Picnic Point,Picnic Point
4357,10048620000,0,Panania (South) - Picnic Point,Picnic Point
4358,10048630000,0,Panania (South) - Picnic Point,Picnic Point
4359,10048640000,0,Panania (South) - Picnic Point,Picnic Point
4360,10048650000,0,Panania (South) - Picnic Point,Picnic Point
4361,10048660000,0,Panania (South) - Picnic Point,Picnic Point
4362,10048670000,0,Panania (South) - Picnic Point,Picnic Point
4363,10048690000,0,Panania (South) - Picnic Point,Picnic Point
4364,10048700000,0,Panania (South) - Picnic Point,Picnic Point
4365,10048710000,0,Panania (South) - Picnic Point,Picnic Point
4366,10048720000,0,Panania (South) - Picnic Point,Picnic Point
4367,10048740000,0,Panania (South) - Picnic Point,Picnic Point
4368,10048780000,0,Revesby,Revesby Heights
4369,10048790000,0,Panania (South) - Picnic Point,Revesby Heights
4370,10048800000,0,Revesby,Revesby Heights
4371,10048810000,0,Revesby,Revesby Heights
4372,10048820000,0,Revesby,Revesby Heights
4373,10048830000,0,Revesby,Revesby Heights
4374,10048840000,0,Revesby,Revesby Heights
4375,10048850000,0,Revesby,Revesby Heights
4376,10048860000,0,Revesby,Revesby Heights
4377,10048870000,0,Revesby,Revesby Heights
4378,10048880000,0,Revesby,Revesby Heights
4379,10048890000,0,Revesby,Revesby Heights
4380,10048901000,0,Padstow,Padstow Heights
4381,10048902000,0,Padstow,Padstow Heights
4382,10048910000,0,Padstow,Padstow Heights
4383,10048920000,0,Padstow,Padstow Heights
4384,10048930000,0,Padstow,Padstow Heights
4385,10048940000,0,Padstow,Padstow Heights
4386,10048950000,0,Padstow,Padstow Heights
4387,10048960000,0,Padstow,Padstow Heights
4388,10048970000,0,Padstow,Padstow Heights
4389,10048980000,0,Padstow,Padstow Heights
4390,10048990000,0,Padstow,Padstow Heights
4391,10049000000,0,Padstow,Padstow Heights
4392,10049010000,0,Padstow,Padstow Heights
4393,10049020000,0,Padstow,Padstow Heights
4394,10049030000,0,Padstow,Padstow Heights
4395,10049040000,0,Padstow,Padstow Heights
4396,10049050000,0,Padstow,Padstow Heights
4397,10049060000,0,Padstow,Padstow Heights
4398,10049070000,0,Padstow,Padstow Heights
4399,10049080000,0,Padstow,Padstow Heights
4400,10049091000,0,Padstow,Padstow Heights
4401,10049092000,0,Padstow,Padstow Heights
4402,10049100000,0,Padstow,Padstow Heights
4403,10049110000,0,Padstow,Padstow Heights
4404,10049121000,0,Padstow,Padstow Heights
4405,10049122000,0,Padstow,Padstow Heights
4406,10049123000,0,Padstow,Padstow Heights
4407,10049130000,0,Padstow,Padstow Heights
4408,10049140000,0,Padstow,Padstow Heights
4409,10049150000,0,Padstow,Padstow Heights
4410,10049160000,0,Padstow,Padstow Heights
4411,10049170000,0,Padstow,Padstow Heights
4412,10049180000,0,Padstow,Padstow
4413,10049190000,0,Padstow,Padstow
4414,10049200000,0,Padstow,Padstow
4415,10049210000,0,Padstow,Padstow
4416,10049221000,0,Padstow,Padstow
4417,10049222000,0,Padstow,Padstow
4418,10049230000,0,Padstow,Padstow
4419,10049250000,0,Padstow,Padstow
4420,10049261000,0,Padstow,Padstow
4421,10049262000,0,Padstow,Padstow
4422,10049270000,0,Padstow,Padstow
4423,10049280000,0,Padstow,Padstow
4424,10049290000,0,Padstow,Padstow
4425,10049300000,0,Padstow,Padstow
4426,10049320000,0,Padstow,Padstow
4427,10049330000,0,Padstow,Padstow
4428,10049340000,0,Padstow,Padstow
4429,10049350000,0,Padstow,Padstow
4430,10049360000,0,Padstow,Padstow
4431,10049370000,0,Padstow,Padstow
4432,10049380000,0,Padstow,Padstow
4433,10049390000,0,Padstow,Padstow
4434,10049410000,0,Padstow,Padstow
4435,10049420000,0,Padstow,Padstow
4436,10049430000,0,Padstow,Padstow
4437,10049440000,0,Padstow,Padstow
4438,10049450000,0,Padstow,Padstow
4439,10049460000,0,Padstow,Padstow
4440,10049470000,0,Padstow,Padstow
4441,10049480000,0,Padstow,Padstow
4442,10049490000,0,Padstow,Padstow
4443,10049500000,0,Padstow,Padstow
4444,10049510000,0,Padstow,Padstow
4445,10049520000,0,Padstow,Padstow
4446,10049530000,0,Padstow,Padstow
4447,10049541000,0,Padstow,Padstow
4448,10049542000,0,Padstow,Padstow
4449,10049550000,0,Padstow,Padstow
4450,10049560000,0,Padstow,Padstow
4451,10049570000,0,Padstow,Padstow
4452,10049580000,0,Revesby,Padstow
4453,10049590000,0,Padstow,Padstow
4454,10049600000,0,Padstow,Padstow
4455,10049610000,0,Padstow,Padstow
4456,10049620000,0,Padstow,Padstow
4457,10049630000,0,Padstow,Padstow
4458,10049640000,0,Padstow,Padstow
4459,10049651000,0,Padstow,Padstow
4460,10049653000,0,Padstow,Padstow
4461,10049654000,0,Padstow,Padstow
4462,10049661000,0,Padstow,Padstow
4463,10049662000,0,Padstow,Padstow
4464,10049671000,0,Padstow,Padstow
4465,10049672000,0,Padstow,Padstow
4466,10049680000,0,Padstow,Padstow
4467,10049690000,0,Padstow,Padstow
4468,10049700000,0,Padstow,Padstow
4469,10049710000,0,Padstow,Padstow
4470,10049720000,0,Padstow,Padstow
4471,10049730000,0,Padstow,Padstow
4472,10049740000,0,Padstow,Padstow
4473,10049750000,0,Padstow,Padstow
4474,10049760000,0,Padstow,Padstow
4475,10049770000,0,Padstow,Padstow
4476,10049780000,0,Padstow,Padstow
4477,10049790000,0,Padstow,Padstow
4478,10049800000,0,Padstow,Padstow
4479,10049811000,0,Revesby,Revesby
4480,10049812000,0,Revesby,Revesby
4481,10049820000,0,Padstow,Revesby
4482,10049840000,0,Revesby,Revesby
4483,10049850000,0,Padstow,Padstow
4484,10049860000,0,Revesby,Revesby
4485,10049870000,0,Revesby,Revesby
4486,10049880000,0,Revesby,Revesby
4487,10049890000,0,Revesby,Revesby
4488,10049900000,0,Revesby,Revesby
4489,10049910000,0,Revesby,Revesby
4490,10049940000,0,Padstow,Padstow
4491,10049950000,0,Revesby,Revesby
4492,10049960000,0,Revesby,Revesby
4493,10049970000,0,Revesby,Revesby
4494,10049980000,0,Revesby,Revesby
4495,10049990000,0,Revesby,Revesby
4496,10050001000,0,Revesby,Revesby
4497,10050002000,0,Revesby,Revesby
4498,10050010000,0,Revesby,Revesby
4499,10050020000,0,Revesby,Revesby
4500,10050030000,0,Revesby,Revesby
4501,10050040000,0,Revesby,Revesby
4502,10050050000,0,Revesby,Revesby
4503,10050060000,0,Revesby,Revesby
4504,10050070000,0,Revesby,Revesby
4505,10050080000,0,Revesby,Revesby
4506,10050090000,0,Revesby,Revesby
4507,10050100000,0,Revesby,Revesby
4508,10050130000,0,Panania (South) - Picnic Point,Picnic Point
4509,10050140000,0,Panania (South) - Picnic Point,Panania
4510,10050150000,0,Panania (South) - Picnic Point,Panania
4511,10050170000,0,Panania (South) - Picnic Point,Panania
4512,10050180000,0,Panania (South) - Picnic Point,Panania
4513,10050210000,0,Panania (South) - Picnic Point,Panania
4514,10050220000,0,Panania (South) - Picnic Point,Panania
4515,10050230000,0,Panania (South) - Picnic Point,Panania
4516,10050240000,0,Panania (South) - Picnic Point,Panania
4517,10050250000,0,Panania (South) - Picnic Point,Panania
4518,10050260000,0,Panania (South) - Picnic Point,Panania
4519,10050270000,0,Panania (South) - Picnic Point,Panania
4520,10050280000,0,Panania (South) - Picnic Point,Panania
4521,10050300000,0,Panania (South) - Picnic Point,Panania
4522,10050310000,0,Panania (South) - Picnic Point,Panania
4523,10050321000,0,Panania (South) - Picnic Point,Panania
4524,10050324000,0,Panania (South) - Picnic Point,Panania
4525,10050325000,0,Panania (South) - Picnic Point,Panania
4526,10050327000,0,Panania (South) - Picnic Point,Panania
4527,10050328000,0,Panania (South) - Picnic Point,Panania
4528,10050330000,0,Panania (South) - Picnic Point,Panania
4529,10050340000,0,Panania (South) - Picnic Point,Panania
4530,10050350000,0,Panania (South) - Picnic Point,Panania
4531,10050360000,0,Panania (South) - Picnic Point,Panania
4532,10050370000,0,Panania (South) - Picnic Point,Panania
4533,10050380000,0,Panania (South) - Picnic Point,Panania
4534,10050390000,0,Panania (South) - Picnic Point,Panania
4535,10050420000,0,Panania (South) - Picnic Point,Panania
4536,10050430000,0,Panania (South) - Picnic Point,Panania
4537,10050440000,0,Panania (South) - Picnic Point,Panania
4538,10050450000,0,Panania (South) - Picnic Point,Panania
4539,10050460000,0,Panania (South) - Picnic Point,Panania
4540,10050470000,0,Panania (South) - Picnic Point,Panania
4541,10050480000,0,Panania (South) - Picnic Point,Panania
4542,10050492000,0,Panania (South) - Picnic Point,Panania
4543,10050501000,0,Panania (South) - Picnic Point,Panania
4544,10050502000,0,Panania (South) - Picnic Point,Panania
4545,10050510000,0,Panania (South) - Picnic Point,Panania
4546,10050520000,0,Panania (South) - Picnic Point,Panania
4547,10050530000,0,Panania (South) - Picnic Point,Panania
4548,10050540000,0,Panania (South) - Picnic Point,Panania
4549,10050550000,0,Panania (South) - Picnic Point,Panania
4550,10050560000,0,Panania (South) - Picnic Point,Panania
4551,10050570000,0,Panania (South) - Picnic Point,Panania
4552,10050580000,0,Panania (South) - Picnic Point,Picnic Point
4553,10050590000,0,Panania (South) - Picnic Point,Picnic Point
4554,10050600000,0,Panania (South) - Picnic Point,Picnic Point
4555,10050610000,0,Panania (South) - Picnic Point,Picnic Point
4556,10050620000,0,Panania (South) - Picnic Point,Picnic Point
4557,10050630000,0,Panania (South) - Picnic Point,Picnic Point
4558,10050640000,0,Panania (South) - Picnic Point,Picnic Point
4559,10050650000,0,Panania (South) - Picnic Point,Picnic Point
4560,10050661000,0,Padstow,Padstow Heights
4561,10050662000,0,Padstow,Padstow Heights
4562,10050663000,0,Padstow,Padstow Heights
4563,10050670000,0,Panania (North) - Milperra,East Hills
4564,10050690000,0,Padstow,Padstow
4565,10050700000,0,Padstow,Padstow
4566,10050710000,0,Padstow,Padstow
4567,10050720000,0,Padstow,Padstow
4568,10050730000,0,Padstow,Padstow
4569,10050740000,0,Padstow,Padstow
4570,10050750000,0,Panania (South) - Picnic Point,Panania
4571,10050760000,0,Panania (South) - Picnic Point,Panania
4572,10050771000,0,Condell Park,Milperra
4574,10050780000,0,Padstow,Padstow
4575,10050790000,0,Padstow,Padstow
4576,10050800000,0,Panania (South) - Picnic Point,Panania
4577,10050810000,0,Panania (South) - Picnic Point,Panania
4578,10050820000,0,Panania (South) - Picnic Point,East Hills
4579,10050830000,0,Panania (South) - Picnic Point,East Hills
4580,10050841000,0,Panania (North) - Milperra,Panania
4581,10050842000,0,Panania (North) - Milperra,Panania
4582,10050850000,0,Panania (North) - Milperra,Panania
4583,10050861000,0,Panania (South) - Picnic Point,Picnic Point
4584,10050862000,0,Panania (South) - Picnic Point,Picnic Point
4585,10050870000,0,Panania (South) - Picnic Point,Picnic Point
4586,10050880000,0,Padstow,Padstow Heights
4587,10050890000,0,Padstow,Padstow Heights
4588,10050910000,0,Panania (North) - Milperra,Milperra
4589,10050920000,0,Panania (North) - Milperra,Milperra
4590,10050940000,0,Panania (North) - Milperra,East Hills
4591,10050950000,0,Panania (North) - Milperra,East Hills
4592,10050960000,0,Padstow,Padstow
4593,10050970000,0,Revesby,Revesby
4594,10050981000,0,Revesby,Revesby
4595,10050982000,0,Revesby,Revesby
4596,10050990000,0,Panania (South) - Picnic Point,East Hills
4597,10051000000,0,Panania (South) - Picnic Point,East Hills
16361,10182710000,0,Punchbowl,Punchbowl
16362,10182720000,0,Riverwood,Riverwood
17189,10192030000,0,Punchbowl,Punchbowl
17249,10192640000,0,Riverwood,Riverwood
35773,10389490000,0,Riverwood,Padstow
35774,10389500000,0,Riverwood,Riverwood
45183,10486160000,0,Holsworthy - Wattle Grove,Milperra
45216,10486490000,0,Holsworthy - Wattle Grove,Milperra
45235,10486660000,0,Holsworthy - Wattle Grove,Picnic Point
68140,10731161000,0,Menai - Lucas Heights - Woronora,Picnic Point
69063,10740260000,0,Holsworthy - Wattle Grove,Picnic Point
90948,10987050000,0,Padstow,Padstow
90949,10987060000,0,Padstow,Padstow
90950,10987070000,0,Padstow,Padstow
90951,10987080000,0,Padstow,Padstow
90952,10987090000,0,Padstow,Padstow Heights
90955,10987150000,0,Riverwood,Padstow
90956,10987160000,0,Padstow,Padstow Heights
90957,10987170000,0,Padstow,Padstow Heights
90958,10987192000,0,Padstow,Padstow Heights
90959,10987193000,0,Padstow,Padstow Heights
90960,10987194000,0,Padstow,Padstow Heights
90961,10987200000,0,Panania (North) - Milperra,East Hills
90962,10987210000,0,Panania (South) - Picnic Point,East Hills
90963,10987220000,0,Panania (South) - Picnic Point,East Hills
90964,10987230000,0,Panania (South) - Picnic Point,East Hills
90965,10987260000,0,Panania (South) - Picnic Point,Picnic Point
90966,10987270000,0,Revesby,Revesby Heights
90967,10987280000,0,Revesby,Revesby Heights
90968,10987290000,0,Revesby,Revesby Heights
90969,10987300000,0,Panania (South) - Picnic Point,Picnic Point
90970,10987310000,0,Panania (South) - Picnic Point,Picnic Point
92064,11000990000,0,Riverwood,Riverwood
92069,11001050000,0,Punchbowl,Punchbowl
92070,11001070000,0,Punchbowl,Riverwood
92950,11012490000,0,Panania (South) - Picnic Point,East Hills
92959,11012590000,0,Chipping Norton - Moorebank,Milperra
93040,11013430000,0,Holsworthy - Wattle Grove,East Hills
93041,11013440000,0,Holsworthy - Wattle Grove,Milperra
93043,11013460000,0,Holsworthy - Wattle Grove,East Hills
93806,11023052000,0,Panania (South) - Picnic Point,East Hills
93807,11023060000,0,Panania (North) - Milperra,East Hills
94587,11204465900,0,Revesby,Revesby
94588,11204466000,0,Revesby,Revesby
94647,11204472200,0,Revesby,Revesby
94653,11204472900,0,Revesby,Revesby
94658,11204473400,0,Panania (North) - Milperra,Milperra
94662,11204473800,0,Panania (South) - Picnic Point,Panania
96773,11204693900,0,Revesby,Revesby
96864,11204703000,0,Revesby,Revesby
97034,11204720100,0,Panania (South) - Picnic Point,Picnic Point
97101,11204726900,0,Panania (South) - Picnic Point,Picnic Point
97356,11204753100,0,Panania (North) - Milperra,Panania
97854,11204803800,0,Panania (North) - Milperra,East Hills
97967,11204815100,0,Bankstown - South,Padstow
98072,11204825900,0,Panania (South) - Picnic Point,East Hills
98102,11204829000,0,Revesby,Revesby
98176,11204836800,0,Revesby,Revesby
98542,11204873900,0,Punchbowl,Punchbowl
98740,11204894100,0,Panania (North) - Milperra,East Hills
98841,11204904400,0,Panania (North) - Milperra,Milperra
98973,11204918000,0,Revesby,Revesby
99049,11204925900,0,Panania (North) - Milperra,Milperra
99371,11204958800,0,Panania (North) - Milperra,East Hills
99378,11204959600,0,Panania (North) - Milperra,Milperra
99786,11205000800,0,Panania (North) - Milperra,East Hills
99787,11205000900,0,Panania (North) - Milperra,East Hills
100166,11205039800,0,Panania (South) - Picnic Point,East Hills
100218,11205045000,0,Revesby,Padstow
100445,11205068500,0,Panania (South) - Picnic Point,East Hills
100528,11205077100,0,Revesby,Revesby
100558,11205080100,0,Panania (South) - Picnic Point,Panania
101100,11205135600,0,Panania (South) - Picnic Point,Panania
101420,11205168500,0,Revesby,Revesby
101506,11205177400,0,Panania (South) - Picnic Point,Panania
102418,11205271400,0,Panania (North) - Milperra,Milperra
102419,11205271500,0,Panania (North) - Milperra,Milperra
102420,11205271600,0,Panania (North) - Milperra,Milperra
102421,11205271700,0,Panania (North) - Milperra,Milperra
102423,11205271900,0,Panania (South) - Picnic Point,Picnic Point
102433,11205273000,0,Panania (South) - Picnic Point,Picnic Point
104598,11205497400,0,Panania (North) - Milperra,Panania
104599,11205497500,0,Panania (South) - Picnic Point,East Hills
104600,11205497600,0,Revesby,Revesby
104601,11205497700,0,Revesby,Revesby
104747,11205512400,0,Panania (South) - Picnic Point,Panania
104751,11205512800,0,Panania (North) - Milperra,Panania
104752,11205512900,0,Panania (South) - Picnic Point,Panania
104794,11205517100,0,Revesby,Revesby
104797,11205517400,0,Revesby,Revesby
104798,11205517500,0,Revesby,Revesby
104799,11205517600,0,Revesby,Revesby
104905,11205528500,0,Panania (South) - Picnic Point,East Hills
104907,11205528700,0,Panania (South) - Picnic Point,East Hills
104908,11205528800,0,Panania (South) - Picnic Point,Picnic Point
104909,11205528900,0,Revesby,Revesby
104910,11205529000,0,Revesby,Revesby
104917,11205529700,0,Revesby,Revesby
105123,11205551800,0,Panania (North) - Milperra,Panania
105124,11205551900,0,Panania (North) - Milperra,Panania
105130,11205552500,0,Revesby,Revesby
105133,11205552800,0,Revesby,Revesby
105138,11205553300,0,Panania (South) - Picnic Point,Panania
106214,11205666100,0,Revesby,Revesby
106712,11205716700,0,Panania (South) - Picnic Point,Picnic Point
106837,11205729500,0,Revesby,Padstow
107212,11205767700,0,Panania (South) - Picnic Point,Panania
107302,11205777300,0,Panania (South) - Picnic Point,Panania
107953,11205846600,0,Revesby,Revesby
107969,11205848200,0,Revesby,Revesby
108087,11205860200,0,Panania (South) - Picnic Point,East Hills
108146,11205866300,0,Panania (South) - Picnic Point,Picnic Point
108147,11205866400,0,Revesby,Revesby
110044,11223900000,1,Panania (South) - Picnic Point,East Hills
110081,11224270000,1,Panania (North) - Milperra,East Hills
16246,10181330000,0,Riverwood,Riverwood
16248,10181352000,0,Riverwood,Riverwood
16254,10181410000,0,Riverwood,Riverwood
16257,10181461000,0,Roselands,Roselands
16258,10181462000,0,Roselands,Roselands
16260,10181480000,0,Roselands,Roselands
16261,10181490000,0,Roselands,Roselands
16262,10181500000,0,Roselands,Roselands
16263,10181510000,0,Roselands,Roselands
16264,10181520000,0,Roselands,Roselands
16265,10181530000,0,Roselands,Roselands
16266,10181540000,0,Roselands,Roselands
16267,10181550000,0,Belmore - Belfield,Belmore
16268,10181560000,0,Belmore - Belfield,Belmore
16269,10181570000,0,Belmore - Belfield,Belmore
16270,10181580000,0,Belmore - Belfield,Belfield
16271,10181590000,0,Kingsgrove - North,Kingsgrove
16273,10181610000,0,Belmore - Belfield,Belmore
16274,10181620000,0,Belmore - Belfield,Belmore
16275,10181630000,0,Belmore - Belfield,Belmore
16276,10181640000,0,Campsie - South,Campsie
16278,10181660000,0,Canterbury - South,Campsie
16326,10182170000,0,Narwee - Beverly Hills,Beverly Hills
16327,10182180000,0,Narwee - Beverly Hills,Narwee
16328,10182200000,0,Riverwood,Riverwood
16329,10182210000,0,Riverwood,Riverwood
16335,10182270000,0,Lakemba,Lakemba
16347,10182430000,0,Campsie - South,Campsie
16348,10182440000,0,Belmore - Belfield,Belmore
16349,10182450000,0,Belmore - Belfield,Belmore
16350,10182480000,0,Lakemba,Lakemba
16351,10182500000,0,Belmore - Belfield,Belmore
16353,10182550000,0,Belmore - Belfield,Belmore
16354,10182620000,0,Lakemba,Lakemba
16358,10182680000,0,Punchbowl,Riverwood
16359,10182690000,0,Punchbowl,Riverwood
16360,10182700000,0,Punchbowl,Riverwood
16363,10182730000,0,Riverwood,Riverwood
16364,10182750000,0,Riverwood,Riverwood
16373,10182850000,0,Roselands,Riverwood
16374,10182860000,0,Punchbowl,Riverwood
16375,10182870000,0,Riverwood,Riverwood
16376,10182880000,0,Narwee - Beverly Hills,Narwee
16377,10182900000,0,Narwee - Beverly Hills,Narwee
16378,10182910000,0,Narwee - Beverly Hills,Narwee
16379,10182930000,0,Narwee - Beverly Hills,Narwee
16380,10182940000,0,Roselands,Narwee
16381,10182950000,0,Roselands,Roselands
16382,10182970000,0,Roselands,Roselands
16383,10182980000,0,Roselands,Beverly Hills
16384,10182990000,0,Roselands,Beverly Hills
16385,10183000000,0,Narwee - Beverly Hills,Beverly Hills
16386,10183010000,0,Roselands,Beverly Hills
16388,10183040000,0,Narwee - Beverly Hills,Beverly Hills
16389,10183050000,0,Kingsgrove - North,Kingsgrove
16390,10183070000,0,Kingsgrove - North,Kingsgrove
16391,10183080000,0,Kingsgrove - North,Kingsgrove
16392,10183090000,0,Kingsgrove - North,Kingsgrove
16401,10183250000,0,Canterbury - South,Clemton Park
16402,10183260000,0,Kingsgrove - North,Kingsgrove
16403,10183270000,0,Roselands,Roselands
16404,10183280000,0,Roselands,Roselands
16405,10183291000,0,Roselands,Roselands
16406,10183292000,0,Roselands,Roselands
16408,10183310000,0,Roselands,Roselands
16409,10183320000,0,Roselands,Roselands
16410,10183330000,0,Roselands,Roselands
16411,10183360000,0,Lakemba,Lakemba
16413,10183380000,0,Belmore - Belfield,Belmore
16414,10183390000,0,Belmore - Belfield,Belmore
16415,10183400000,0,Belmore - Belfield,Belmore
16416,10183410000,0,Canterbury - South,Campsie
16490,10184420000,0,Roselands,Roselands
16492,10184440000,0,Roselands,Roselands
16493,10184460000,0,Roselands,Roselands
16616,10185720000,0,Belmore - Belfield,Belfield
16618,10185740000,0,Belmore - Belfield,Belfield
16619,10185750000,0,Belmore - Belfield,Belfield
16620,10185760000,0,Belmore - Belfield,Belfield
16621,10185770000,0,Belmore - Belfield,Belfield
16624,10185800000,0,Belmore - Belfield,Belfield
16627,10185830000,0,Belmore - Belfield,Belfield
16628,10185850000,0,Belmore - Belfield,Belfield
16629,10185860000,0,Belmore - Belfield,Belfield
16630,10185870000,0,Belmore - Belfield,Belfield
16631,10185880000,0,Belmore - Belfield,Belfield
16632,10185890000,0,Belmore - Belfield,Belfield
16633,10185900000,0,Belmore - Belfield,Belfield
16634,10185910000,0,Belmore - Belfield,Belfield
16635,10185920000,0,Belmore - Belfield,Belfield
16636,10185930000,0,Belmore - Belfield,Belfield
16637,10185940000,0,Belmore - Belfield,Belfield
16638,10185950000,0,Belmore - Belfield,Belfield
16639,10185960000,0,Belmore - Belfield,Belfield
16640,10185970000,0,Belmore - Belfield,Belfield
16641,10185980000,0,Belmore - Belfield,Belfield
16642,10185990000,0,Belmore - Belfield,Belfield
16643,10186000000,0,Belmore - Belfield,Belfield
16644,10186010000,0,Belmore - Belfield,Belfield
16658,10186200000,0,Campsie - North,Campsie
16659,10186210000,0,Campsie - North,Campsie
16660,10186220000,0,Campsie - North,Campsie
16663,10186250000,0,Campsie - North,Campsie
16664,10186260000,0,Campsie - North,Campsie
16677,10186430000,0,Campsie - North,Campsie
16678,10186440000,0,Campsie - North,Campsie
16679,10186450000,0,Campsie - North,Campsie
16680,10186460000,0,Campsie - North,Campsie
16681,10186470000,0,Campsie - North,Campsie
16682,10186480000,0,Campsie - North,Campsie
16683,10186490000,0,Campsie - North,Campsie
16684,10186500000,0,Campsie - North,Campsie
16685,10186510000,0,Campsie - North,Campsie
16686,10186520000,0,Campsie - North,Campsie
16687,10186530000,0,Campsie - North,Campsie
16689,10186550000,0,Campsie - North,Campsie
16717,10186830000,0,Campsie - North,Campsie
16718,10186840000,0,Campsie - North,Campsie
16719,10186850000,0,Campsie - North,Campsie
16720,10186860000,0,Campsie - North,Campsie
16721,10186870000,0,Campsie - North,Campsie
16722,10186890000,0,Campsie - North,Campsie
16723,10186900000,0,Campsie - North,Campsie
16724,10186910000,0,Campsie - North,Campsie
16725,10186940000,0,Campsie - North,Campsie
16726,10186950000,0,Campsie - North,Campsie
16727,10186960000,0,Campsie - North,Campsie
16728,10186970000,0,Campsie - North,Campsie
16729,10186980000,0,Campsie - North,Campsie
16730,10187000000,0,Campsie - North,Campsie
16731,10187021000,0,Belmore - Belfield,Belmore
16732,10187022000,0,Belmore - Belfield,Belmore
16733,10187023000,0,Belmore - Belfield,Belmore
16736,10187050000,0,Belmore - Belfield,Belmore
16737,10187060000,0,Belmore - Belfield,Belmore
16738,10187070000,0,Belmore - Belfield,Belmore
16739,10187080000,0,Belmore - Belfield,Belmore
16740,10187090000,0,Belmore - Belfield,Belmore
16741,10187100000,0,Belmore - Belfield,Belmore
16742,10187110000,0,Belmore - Belfield,Belmore
16743,10187120000,0,Belmore - Belfield,Belmore
16744,10187130000,0,Belmore - Belfield,Belmore
16745,10187140000,0,Belmore - Belfield,Belmore
16746,10187150000,0,Belmore - Belfield,Belmore
16747,10187160000,0,Belmore - Belfield,Belmore
16748,10187170000,0,Belmore - Belfield,Belmore
16749,10187180000,0,Belmore - Belfield,Belmore
16750,10187190000,0,Belmore - Belfield,Belmore
16751,10187200000,0,Belmore - Belfield,Belmore
16752,10187210000,0,Belmore - Belfield,Belmore
16753,10187220000,0,Belmore - Belfield,Belmore
16754,10187230000,0,Belmore - Belfield,Belmore
16755,10187240000,0,Belmore - Belfield,Belmore
16756,10187250000,0,Belmore - Belfield,Belmore
16757,10187260000,0,Belmore - Belfield,Belmore
16758,10187270000,0,Belmore - Belfield,Belmore
16759,10187280000,0,Belmore - Belfield,Belmore
16760,10187290000,0,Belmore - Belfield,Belmore
16761,10187300000,0,Belmore - Belfield,Belmore
16762,10187310000,0,Belmore - Belfield,Belmore
16763,10187330000,0,Belmore - Belfield,Belmore
16764,10187340000,0,Belmore - Belfield,Belmore
16765,10187351000,0,Belmore - Belfield,Belmore
16766,10187352000,0,Belmore - Belfield,Belmore
16767,10187353000,0,Belmore - Belfield,Belmore
16768,10187354000,0,Belmore - Belfield,Belmore
16769,10187355000,0,Belmore - Belfield,Belmore
16770,10187360000,0,Belmore - Belfield,Belmore
16771,10187370000,0,Belmore - Belfield,Belmore
16772,10187380000,0,Belmore - Belfield,Belmore
16773,10187390000,0,Belmore - Belfield,Belmore
16774,10187400000,0,Belmore - Belfield,Belmore
16775,10187410000,0,Belmore - Belfield,Belmore
16776,10187420000,0,Belmore - Belfield,Belmore
16777,10187431000,0,Belmore - Belfield,Belmore
16778,10187432000,0,Belmore - Belfield,Belmore
16779,10187440000,0,Belmore - Belfield,Belmore
16780,10187450000,0,Belmore - Belfield,Belmore
16781,10187460000,0,Belmore - Belfield,Belmore
16782,10187470000,0,Belmore - Belfield,Belmore
16783,10187480000,0,Belmore - Belfield,Belmore
16784,10187490000,0,Belmore - Belfield,Belmore
16785,10187500000,0,Belmore - Belfield,Belmore
16786,10187510000,0,Belmore - Belfield,Belmore
16787,10187520000,0,Belmore - Belfield,Belmore
16788,10187530000,0,Belmore - Belfield,Belmore
16789,10187540000,0,Campsie - South,Campsie
16790,10187550000,0,Campsie - South,Campsie
16791,10187560000,0,Campsie - South,Campsie
16792,10187592000,0,Campsie - South,Campsie
16808,10187720000,0,Campsie - South,Campsie
16809,10187770000,0,Campsie - South,Campsie
16810,10187780000,0,Campsie - South,Campsie
16811,10187790000,0,Campsie - South,Campsie
16812,10187800000,0,Campsie - South,Campsie
16814,10187820000,0,Campsie - South,Campsie
16815,10187830000,0,Campsie - South,Campsie
16816,10187840000,0,Campsie - South,Campsie
16817,10187850000,0,Campsie - South,Campsie
16862,10188310000,0,Campsie - South,Campsie
16864,10188330000,0,Campsie - South,Campsie
16866,10188350000,0,Campsie - South,Campsie
16867,10188360000,0,Campsie - South,Campsie
16868,10188370000,0,Campsie - South,Campsie
16869,10188380000,0,Campsie - South,Campsie
16870,10188390000,0,Campsie - South,Campsie
16871,10188400000,0,Campsie - South,Campsie
16872,10188410000,0,Campsie - South,Campsie
16873,10188420000,0,Canterbury - South,Campsie
16874,10188430000,0,Canterbury - South,Campsie
16875,10188441000,0,Canterbury - South,Campsie
16876,10188442000,0,Canterbury - South,Campsie
16888,10188591000,0,Belmore - Belfield,Belmore
16889,10188592000,0,Belmore - Belfield,Belmore
16890,10188593000,0,Belmore - Belfield,Belmore
16891,10188601000,0,Belmore - Belfield,Belmore
16892,10188602000,0,Belmore - Belfield,Belmore
16893,10188603000,0,Belmore - Belfield,Belmore
16894,10188620000,0,Belmore - Belfield,Belmore
16895,10188630000,0,Belmore - Belfield,Belmore
16896,10188640000,0,Belmore - Belfield,Belmore
16897,10188650000,0,Belmore - Belfield,Belmore
16898,10188660000,0,Belmore - Belfield,Belmore
16899,10188670000,0,Belmore - Belfield,Belmore
16900,10188682000,0,Belmore - Belfield,Belmore
16901,10188690000,0,Belmore - Belfield,Belmore
16902,10188700000,0,Belmore - Belfield,Belmore
16903,10188710000,0,Belmore - Belfield,Belmore
16904,10188720000,0,Belmore - Belfield,Belmore
16905,10188730000,0,Belmore - Belfield,Belmore
16906,10188740000,0,Belmore - Belfield,Belmore
16907,10188750000,0,Belmore - Belfield,Belmore
16908,10188760000,0,Belmore - Belfield,Belmore
16909,10188770000,0,Belmore - Belfield,Belmore
16910,10188780000,0,Belmore - Belfield,Belmore
16911,10188790000,0,Belmore - Belfield,Belmore
16912,10188800000,0,Belmore - Belfield,Belmore
16913,10188811000,0,Belmore - Belfield,Belmore
16914,10188812000,0,Belmore - Belfield,Belmore
16915,10188813000,0,Belmore - Belfield,Belmore
16916,10188820000,0,Belmore - Belfield,Belmore
16917,10188830000,0,Belmore - Belfield,Belmore
16918,10188840000,0,Belmore - Belfield,Belmore
16919,10188850000,0,Belmore - Belfield,Belmore
16920,10188860000,0,Belmore - Belfield,Belmore
16921,10188870000,0,Belmore - Belfield,Belmore
16922,10188880000,0,Belmore - Belfield,Belmore
16923,10188890000,0,Belmore - Belfield,Belmore
16924,10188900000,0,Belmore - Belfield,Belmore
16925,10188910000,0,Belmore - Belfield,Belmore
16926,10188920000,0,Belmore - Belfield,Belmore
16927,10188930000,0,Belmore - Belfield,Belmore
16928,10188940000,0,Belmore - Belfield,Belmore
16929,10188950000,0,Belmore - Belfield,Belmore
16930,10188961000,0,Belmore - Belfield,Belmore
16931,10188962000,0,Belmore - Belfield,Belmore
16932,10188963000,0,Belmore - Belfield,Belmore
16933,10188964000,0,Belmore - Belfield,Belmore
16934,10188965000,0,Belmore - Belfield,Belmore
16935,10188971000,0,Belmore - Belfield,Belmore
16936,10188972000,0,Belmore - Belfield,Belmore
16937,10188974000,0,Belmore - Belfield,Belmore
16938,10188977000,0,Belmore - Belfield,Belmore
16939,10188980000,0,Belmore - Belfield,Belmore
16940,10188990000,0,Belmore - Belfield,Belmore
16941,10189000000,0,Belmore - Belfield,Belmore
16942,10189010000,0,Belmore - Belfield,Belmore
16943,10189020000,0,Belmore - Belfield,Belmore
16944,10189030000,0,Belmore - Belfield,Belmore
16945,10189040000,0,Belmore - Belfield,Belmore
16946,10189050000,0,Belmore - Belfield,Belmore
16947,10189060000,0,Belmore - Belfield,Belmore
16948,10189070000,0,Belmore - Belfield,Belmore
16949,10189080000,0,Belmore - Belfield,Belmore
16950,10189090000,0,Belmore - Belfield,Belmore
16951,10189120000,0,Belmore - Belfield,Belmore
16952,10189130000,0,Belmore - Belfield,Belmore
16953,10189140000,0,Belmore - Belfield,Belmore
16954,10189150000,0,Belmore - Belfield,Belmore
16955,10189160000,0,Belmore - Belfield,Belmore
16956,10189170000,0,Belmore - Belfield,Belmore
16957,10189180000,0,Belmore - Belfield,Belmore
16958,10189190000,0,Belmore - Belfield,Belmore
16959,10189200000,0,Belmore - Belfield,Belmore
16960,10189211000,0,Belmore - Belfield,Belmore
16961,10189212000,0,Belmore - Belfield,Belmore
16962,10189213000,0,Belmore - Belfield,Belmore
16963,10189220000,0,Belmore - Belfield,Belmore
16964,10189230000,0,Belmore - Belfield,Belmore
16965,10189240000,0,Belmore - Belfield,Belmore
16966,10189251000,0,Canterbury - South,Campsie
16967,10189253000,0,Canterbury - South,Campsie
16968,10189270000,0,Canterbury - South,Clemton Park
16969,10189280000,0,Canterbury - South,Clemton Park
16970,10189320000,0,Lakemba,Lakemba
16971,10189330000,0,Lakemba,Lakemba
16973,10189350000,0,Lakemba,Lakemba
17026,10189911000,0,Lakemba,Lakemba
17027,10189913000,0,Lakemba,Lakemba
17037,10190020000,0,Lakemba,Lakemba
17038,10190030000,0,Lakemba,Lakemba
17039,10190040000,0,Lakemba,Lakemba
17040,10190050000,0,Lakemba,Lakemba
17042,10190070000,0,Lakemba,Lakemba
17043,10190080000,0,Lakemba,Lakemba
17046,10190110000,0,Lakemba,Lakemba
17047,10190120000,0,Lakemba,Lakemba
17048,10190130000,0,Lakemba,Lakemba
17049,10190140000,0,Lakemba,Lakemba
17050,10190150000,0,Lakemba,Lakemba
17051,10190160000,0,Lakemba,Lakemba
17052,10190170000,0,Lakemba,Lakemba
17053,10190180000,0,Lakemba,Lakemba
17054,10190190000,0,Lakemba,Lakemba
17055,10190200000,0,Lakemba,Lakemba
17056,10190210000,0,Lakemba,Lakemba
17203,10192170000,0,Punchbowl,Punchbowl
17209,10192230000,0,Punchbowl,Punchbowl
17210,10192240000,0,Punchbowl,Punchbowl
17231,10192450000,0,Roselands,Roselands
17232,10192460000,0,Roselands,Roselands
17233,10192470000,0,Roselands,Roselands
17234,10192480000,0,Roselands,Roselands
17235,10192490000,0,Roselands,Roselands
17236,10192500000,0,Roselands,Roselands
17237,10192510000,0,Roselands,Roselands
17238,10192520000,0,Roselands,Roselands
17239,10192530000,0,Roselands,Roselands
17240,10192540000,0,Roselands,Roselands
17241,10192550000,0,Roselands,Roselands
17242,10192560000,0,Roselands,Roselands
17243,10192580000,0,Punchbowl,Riverwood
17244,10192590000,0,Punchbowl,Riverwood
17245,10192600000,0,Punchbowl,Riverwood
17246,10192610000,0,Punchbowl,Riverwood
17247,10192620000,0,Punchbowl,Riverwood
17248,10192630000,0,Riverwood,Riverwood
17250,10192651000,0,Riverwood,Riverwood
17251,10192652000,0,Punchbowl,Riverwood
17252,10192701000,0,Riverwood,Riverwood
17253,10192702000,0,Riverwood,Riverwood
17254,10192703000,0,Riverwood,Riverwood
17255,10192704000,0,Riverwood,Riverwood
17256,10192710000,0,Riverwood,Riverwood
17257,10192720000,0,Riverwood,Riverwood
17258,10192730000,0,Riverwood,Riverwood
17259,10192740000,0,Riverwood,Riverwood
17260,10192750000,0,Riverwood,Riverwood
17261,10192761000,0,Riverwood,Riverwood
17262,10192762000,0,Riverwood,Riverwood
17263,10192770000,0,Riverwood,Riverwood
17264,10192780000,0,Riverwood,Riverwood
17265,10192790000,0,Riverwood,Riverwood
17266,10192800000,0,Riverwood,Riverwood
17267,10192810000,0,Riverwood,Riverwood
17268,10192820000,0,Riverwood,Riverwood
17269,10192830000,0,Riverwood,Riverwood
17270,10192850000,0,Riverwood,Riverwood
17271,10192860000,0,Riverwood,Riverwood
17272,10192871000,0,Punchbowl,Riverwood
17273,10192872000,0,Punchbowl,Riverwood
17274,10192890000,0,Roselands,Narwee
17275,10192900000,0,Roselands,Narwee
17276,10192910000,0,Roselands,Narwee
17277,10192920000,0,Roselands,Narwee
17278,10192930000,0,Roselands,Narwee
17279,10192940000,0,Roselands,Narwee
17280,10192960000,0,Narwee - Beverly Hills,Narwee
17281,10192970000,0,Narwee - Beverly Hills,Narwee
17282,10192990000,0,Narwee - Beverly Hills,Narwee
17283,10193000000,0,Narwee - Beverly Hills,Narwee
17284,10193020000,0,Narwee - Beverly Hills,Narwee
17285,10193030000,0,Narwee - Beverly Hills,Narwee
17286,10193040000,0,Narwee - Beverly Hills,Narwee
17287,10193060000,0,Narwee - Beverly Hills,Narwee
17288,10193072000,0,Narwee - Beverly Hills,Narwee
17289,10193080000,0,Narwee - Beverly Hills,Narwee
17290,10193090000,0,Narwee - Beverly Hills,Narwee
17291,10193100000,0,Narwee - Beverly Hills,Narwee
17292,10193110000,0,Narwee - Beverly Hills,Narwee
17293,10193120000,0,Narwee - Beverly Hills,Narwee
17294,10193130000,0,Narwee - Beverly Hills,Narwee
17295,10193140000,0,Narwee - Beverly Hills,Narwee
17296,10193160000,0,Narwee - Beverly Hills,Narwee
17297,10193170000,0,Narwee - Beverly Hills,Narwee
17298,10193180000,0,Narwee - Beverly Hills,Narwee
17299,10193190000,0,Narwee - Beverly Hills,Narwee
17300,10193200000,0,Narwee - Beverly Hills,Narwee
17301,10193210000,0,Narwee - Beverly Hills,Beverly Hills
17302,10193220000,0,Narwee - Beverly Hills,Beverly Hills
17303,10193230000,0,Narwee - Beverly Hills,Beverly Hills
17305,10193262000,0,Lakemba,Lakemba
17306,10193263000,0,Lakemba,Lakemba
17307,10193270000,0,Lakemba,Lakemba
17308,10193280000,0,Lakemba,Lakemba
17309,10193291000,0,Lakemba,Lakemba
17310,10193292000,0,Lakemba,Lakemba
17311,10193301000,0,Lakemba,Lakemba
17312,10193302000,0,Lakemba,Lakemba
17313,10193303000,0,Lakemba,Lakemba
17314,10193310000,0,Lakemba,Lakemba
17324,10193420000,0,Lakemba,Lakemba
17325,10193430000,0,Lakemba,Lakemba
17326,10193460000,0,Lakemba,Lakemba
17327,10193470000,0,Lakemba,Lakemba
17328,10193480000,0,Lakemba,Lakemba
17330,10193500000,0,Lakemba,Lakemba
17331,10193510000,0,Lakemba,Lakemba
17332,10193520000,0,Lakemba,Lakemba
17335,10193550000,0,Lakemba,Lakemba
17338,10193580000,0,Lakemba,Lakemba
17339,10193590000,0,Lakemba,Lakemba
17340,10193600000,0,Lakemba,Lakemba
17341,10193610000,0,Lakemba,Lakemba
17342,10193620000,0,Lakemba,Lakemba
17343,10193630000,0,Lakemba,Lakemba
17344,10193640000,0,Lakemba,Lakemba
17345,10193650000,0,Lakemba,Lakemba
17346,10193700000,0,Lakemba,Lakemba
17347,10193710000,0,Lakemba,Lakemba
17348,10193720000,0,Lakemba,Lakemba
17349,10193730000,0,Lakemba,Lakemba
17350,10193740000,0,Lakemba,Lakemba
17351,10193750000,0,Lakemba,Lakemba
17352,10193760000,0,Lakemba,Lakemba
17353,10193770000,0,Lakemba,Lakemba
17354,10193780000,0,Lakemba,Lakemba
17355,10193790000,0,Lakemba,Lakemba
17356,10193800000,0,Lakemba,Lakemba
17357,10193811000,0,Lakemba,Lakemba
17358,10193831000,0,Lakemba,Lakemba
17359,10193841000,0,Lakemba,Lakemba
17360,10193850000,0,Lakemba,Lakemba
17361,10193860000,0,Lakemba,Lakemba
17362,10193870000,0,Lakemba,Lakemba
17363,10193880000,0,Lakemba,Lakemba
17364,10193890000,0,Lakemba,Lakemba
17365,10193901000,0,Lakemba,Lakemba
17366,10193902000,0,Lakemba,Lakemba
17367,10193903000,0,Lakemba,Lakemba
17368,10193904000,0,Lakemba,Lakemba
17369,10193905000,0,Lakemba,Lakemba
17370,10193911000,0,Roselands,Roselands
17371,10193912000,0,Roselands,Roselands
17372,10193913000,0,Roselands,Roselands
17373,10193914000,0,Roselands,Roselands
17374,10193915000,0,Roselands,Roselands
17375,10193920000,0,Roselands,Roselands
17384,10194000000,0,Roselands,Roselands
17386,10194020000,0,Roselands,Roselands
17387,10194040000,0,Roselands,Roselands
17388,10194050000,0,Roselands,Roselands
17390,10194070000,0,Roselands,Roselands
17391,10194080000,0,Roselands,Roselands
17392,10194090000,0,Roselands,Roselands
17393,10194100000,0,Roselands,Roselands
17394,10194110000,0,Roselands,Roselands
17395,10194120000,0,Roselands,Roselands
17396,10194130000,0,Roselands,Roselands
17397,10194150000,0,Roselands,Roselands
17398,10194160000,0,Roselands,Roselands
17399,10194170000,0,Roselands,Roselands
17400,10194180000,0,Roselands,Roselands
17401,10194190000,0,Roselands,Roselands
17402,10194201000,0,Roselands,Roselands
17403,10194202000,0,Roselands,Roselands
17404,10194220000,0,Roselands,Roselands
17405,10194230000,0,Roselands,Roselands
17406,10194240000,0,Roselands,Roselands
17407,10194270000,0,Roselands,Roselands
17408,10194281000,0,Roselands,Roselands
17409,10194290000,0,Roselands,Roselands
17410,10194300000,0,Roselands,Roselands
17411,10194320000,0,Roselands,Roselands
17412,10194350000,0,Roselands,Roselands
17413,10194360000,0,Roselands,Roselands
17414,10194370000,0,Roselands,Roselands
17415,10194380000,0,Roselands,Roselands
17416,10194390000,0,Roselands,Roselands
17417,10194400000,0,Roselands,Roselands
17418,10194410000,0,Roselands,Roselands
17419,10194420000,0,Roselands,Roselands
17420,10194430000,0,Roselands,Roselands
17421,10194440000,0,Roselands,Roselands
17422,10194450000,0,Roselands,Roselands
17423,10194460000,0,Roselands,Roselands
17424,10194480000,0,Kingsgrove - North,Kingsgrove
17425,10194501000,0,Roselands,Beverly Hills
17426,10194502000,0,Roselands,Beverly Hills
17427,10194510000,0,Roselands,Beverly Hills
17430,10194551000,0,Narwee - Beverly Hills,Narwee
17431,10194552000,0,Narwee - Beverly Hills,Narwee
17432,10194553000,0,Narwee - Beverly Hills,Narwee
17433,10194554000,0,Narwee - Beverly Hills,Narwee
17434,10194560000,0,Narwee - Beverly Hills,Narwee
17435,10194580000,0,Roselands,Beverly Hills
17436,10194590000,0,Roselands,Beverly Hills
17437,10194600000,0,Kingsgrove - North,Kingsgrove
17438,10194610000,0,Kingsgrove - North,Kingsgrove
17439,10194620000,0,Kingsgrove - North,Kingsgrove
17440,10194630000,0,Kingsgrove - North,Kingsgrove
17441,10194640000,0,Kingsgrove - North,Kingsgrove
17442,10194660000,0,Kingsgrove - North,Kingsgrove
17443,10194670000,0,Kingsgrove - North,Kingsgrove
17444,10194680000,0,Kingsgrove - North,Kingsgrove
17445,10194690000,0,Kingsgrove - North,Kingsgrove
17446,10194700000,0,Kingsgrove - North,Kingsgrove
17447,10194710000,0,Kingsgrove - North,Kingsgrove
17448,10194721000,0,Kingsgrove - North,Kingsgrove
17449,10194722000,0,Kingsgrove - North,Kingsgrove
17450,10194730000,0,Kingsgrove - North,Kingsgrove
17451,10194740000,0,Kingsgrove - North,Kingsgrove
17452,10194752000,0,Kingsgrove - North,Kingsgrove
17453,10194753000,0,Kingsgrove - North,Kingsgrove
17454,10194754000,0,Kingsgrove - North,Kingsgrove
17455,10194760000,0,Kingsgrove - North,Kingsgrove
17456,10194770000,0,Kingsgrove - North,Kingsgrove
17457,10194780000,0,Kingsgrove - North,Kingsgrove
17458,10194790000,0,Kingsgrove - North,Kingsgrove
17459,10194800000,0,Kingsgrove - North,Kingsgrove
17460,10194810000,0,Kingsgrove - North,Kingsgrove
17462,10194830000,0,Kingsgrove - North,Kingsgrove
17463,10194840000,0,Kingsgrove - North,Kingsgrove
17464,10194851000,0,Kingsgrove - North,Kingsgrove
17465,10194852000,0,Canterbury - South,Kingsgrove
17466,10194860000,0,Kingsgrove - North,Kingsgrove
17629,10196510000,0,Kingsgrove - North,Kingsgrove
17630,10196520000,0,Kingsgrove - North,Kingsgrove
17638,10196560000,0,Campsie - North,Campsie
35763,10389260000,0,Narwee - Beverly Hills,Beverly Hills
35782,10389590000,0,Riverwood,Riverwood
35784,10389603000,0,Riverwood,Riverwood
35787,10389640000,0,Riverwood,Riverwood
35855,10390410000,0,Narwee - Beverly Hills,Narwee
35856,10390420000,0,Narwee - Beverly Hills,Narwee
35872,10390621000,0,Narwee - Beverly Hills,Narwee
35879,10390690000,0,Narwee - Beverly Hills,Narwee
35880,10390700000,0,Narwee - Beverly Hills,Narwee
35885,10390760000,0,Narwee - Beverly Hills,Beverly Hills
35886,10390770000,0,Narwee - Beverly Hills,Narwee
35947,10391450000,0,Narwee - Beverly Hills,Beverly Hills
36492,10397552000,0,Kingsgrove - North,Kingsgrove
92053,11000800000,0,Narwee - Beverly Hills,Beverly Hills
92054,11000810000,0,Roselands,Narwee
92055,11000820000,0,Kingsgrove - North,Kingsgrove
92056,11000840000,0,Kingsgrove - North,Kingsgrove
92057,11000850000,0,Kingsgrove - North,Kingsgrove
92058,11000860000,0,Roselands,Roselands
92061,11000890000,0,Roselands,Roselands
92062,11000900000,0,Roselands,Roselands
92065,11001011000,0,Riverwood,Riverwood
92066,11001020000,0,Riverwood,Riverwood
92067,11001030000,0,Narwee - Beverly Hills,Narwee
92068,11001040000,0,Punchbowl,Riverwood
92347,11004410000,0,Narwee - Beverly Hills,Narwee
94516,11204458300,0,Narwee - Beverly Hills,Beverly Hills
94656,11204473200,0,Narwee - Beverly Hills,Beverly Hills
96648,11204681200,0,Lakemba,Lakemba
96963,11204713000,0,Lakemba,Lakemba
97484,11204766100,0,Lakemba,Lakemba
97551,11204773100,0,Kingsgrove - North,Kingsgrove
97552,11204773200,0,Kingsgrove - North,Kingsgrove
97730,11204791400,0,Campsie - South,Campsie
97732,11204791600,0,Campsie - South,Campsie
97834,11204801800,0,Campsie - North,Campsie
97910,11204809400,0,Campsie - South,Campsie
97987,11204817300,0,Lakemba,Lakemba
98223,11204841600,0,Campsie - South,Campsie
98226,11204841900,0,Lakemba,Lakemba
98401,11204859500,0,Narwee - Beverly Hills,Narwee
98458,11204865400,0,Narwee - Beverly Hills,Narwee
98639,11204883800,0,Narwee - Beverly Hills,Narwee
98640,11204883900,0,Narwee - Beverly Hills,Narwee
99003,11204921300,0,Riverwood,Riverwood
99105,11204931700,0,Lakemba,Lakemba
99402,11204962000,0,Riverwood,Riverwood
99481,11204969900,0,Riverwood,Riverwood
99524,11204974400,0,Riverwood,Riverwood
99810,11205003300,0,Riverwood,Riverwood
100071,11205030300,0,Roselands,Beverly Hills
100211,11205044300,0,Riverwood,Riverwood
100212,11205044400,0,Riverwood,Riverwood
100213,11205044500,0,Riverwood,Riverwood
100332,11205056600,0,Riverwood,Riverwood
100534,11205077700,0,Riverwood,Riverwood
100689,11205093500,0,Kingsgrove - North,Kingsgrove
100704,11205095000,0,Roselands,Beverly Hills
100705,11205095100,0,Roselands,Beverly Hills
100734,11205098100,0,Riverwood,Riverwood
100788,11205103600,0,Roselands,Roselands
101043,11205129700,0,Narwee - Beverly Hills,Narwee
101067,11205132100,0,Roselands,Roselands
101716,11205198800,0,Riverwood,Riverwood
102458,11205275500,0,Kingsgrove - North,Kingsgrove
103185,11205351000,0,Roselands,Roselands
103186,11205351100,0,Roselands,Narwee
103419,11205376300,0,Campsie - North,Campsie
103420,11205376400,0,Campsie - North,Campsie
103463,11205381000,0,Campsie - North,Campsie
103692,11205405000,0,Campsie - South,Campsie
103693,11205405100,0,Campsie - South,Campsie
103695,11205405300,0,Campsie - South,Campsie
104319,11205469000,0,Campsie - North,Campsie
104320,11205469100,0,Campsie - North,Campsie
104576,11205495100,0,Roselands,Roselands
104578,11205495300,0,Roselands,Riverwood
104583,11205495800,0,Roselands,Roselands
104584,11205495900,0,Roselands,Roselands
104585,11205496000,0,Roselands,Roselands
104586,11205496100,0,Roselands,Roselands
104587,11205496200,0,Roselands,Roselands
104588,11205496300,0,Roselands,Beverly Hills
104621,11205499700,0,Narwee - Beverly Hills,Beverly Hills
104629,11205500500,0,Roselands,Riverwood
104634,11205501000,0,Narwee - Beverly Hills,Narwee
104635,11205501100,0,Narwee - Beverly Hills,Narwee
106316,11205676400,0,Lakemba,Lakemba
106976,11205743400,0,Riverwood,Narwee
107100,11205756300,0,Roselands,Roselands
107914,11205842600,0,Narwee - Beverly Hills,Beverly Hills
107999,11205851200,0,Roselands,Narwee
108005,11205851800,0,Roselands,Roselands
108089,11205860400,0,Riverwood,Riverwood
109573,11219190000,1,Belmore - Belfield,Belmore
109810,11221560000,1,Belmore - Belfield,Belmore
110228,11225740000,1,Belmore - Belfield,Belmore
110229,11225750000,1,Belmore - Belfield,Belmore
111089,11234350000,1,Belmore - Belfield,Belmore
111357,11237030000,1,Belmore - Belfield,Belmore
111362,11237080000,1,Belmore - Belfield,Belmore
111487,11238330000,1,Belmore - Belfield,Belmore
111725,11240710000,1,Riverwood,Riverwood
111726,11240720000,1,Riverwood,Riverwood
111841,11241870000,1,Riverwood,Riverwood
1073,10012140000,0,Ashfield - South,Ashbury
1074,10012150000,0,Ashfield - South,Ashbury
1084,10012270000,0,Ashfield - South,Ashbury
1096,10012400000,0,Ashfield - South,Ashbury
1097,10012410000,0,Ashfield - South,Ashbury
1098,10012420000,0,Ashfield - South,Ashbury
1108,10012530000,0,Ashfield - South,Canterbury
1148,10013230000,0,Croydon Park - Enfield,Croydon Park
1286,10015050000,0,Ashfield - South,Ashbury
1287,10015060000,0,Ashfield - South,Ashbury
1288,10015070000,0,Ashfield - South,Ashbury
1307,10015280000,0,Ashfield - South,Ashbury
1308,10015290000,0,Ashfield - South,Ashbury
1334,10015650000,0,Ashfield - South,Ashbury
1451,10017010000,0,Croydon Park - Enfield,Croydon Park
12635,10140840000,0,Croydon Park - Enfield,Croydon Park
12728,10142020000,0,Croydon Park - Enfield,Croydon Park
12729,10142031000,0,Croydon Park - Enfield,Croydon Park
12730,10142032000,0,Croydon Park - Enfield,Croydon Park
12753,10142370000,0,Croydon Park - Enfield,Belfield
12754,10142380000,0,Croydon Park - Enfield,Campsie
12757,10142410000,0,Croydon Park - Enfield,Belfield
12759,10142430000,0,Croydon Park - Enfield,Croydon Park
12761,10142450000,0,Croydon Park - Enfield,Croydon Park
12784,10142670000,0,Croydon Park - Enfield,Croydon Park
12786,10142690000,0,Croydon Park - Enfield,Croydon Park
12791,10142750000,0,Croydon Park - Enfield,Croydon Park
16272,10181600000,0,Canterbury (North) - Ashbury,Hurlstone Park
16277,10181650000,0,Croydon Park - Enfield,Croydon Park
16279,10181670000,0,Canterbury - South,Clemton Park
16280,10181680000,0,Kingsgrove - North,Kingsgrove
16281,10181690000,0,Kingsgrove - North,Kingsgrove
16282,10181700000,0,Campsie - North,Campsie
16283,10181710000,0,Kingsgrove - North,Kingsgrove
16284,10181730000,0,Campsie - South,Campsie
16285,10181750000,0,Canterbury - South,Campsie
16286,10181770000,0,Campsie - North,Campsie
16287,10181780000,0,Canterbury - South,Campsie
16288,10181790000,0,Campsie - North,Campsie
16289,10181800000,0,Campsie - North,Campsie
16290,10181810000,0,Canterbury - South,Earlwood
16291,10181820000,0,Earlwood,Earlwood
16292,10181830000,0,Canterbury - South,Canterbury
16293,10181840000,0,Canterbury - South,Canterbury
16294,10181850000,0,Canterbury (North) - Ashbury,Ashbury
16295,10181860000,0,Earlwood,Earlwood
16296,10181870000,0,Earlwood,Earlwood
16297,10181880000,0,Earlwood,Earlwood
16298,10181890000,0,Earlwood,Earlwood
16299,10181900000,0,Earlwood,Earlwood
16300,10181910000,0,Earlwood,Earlwood
16301,10181920000,0,Earlwood,Earlwood
16302,10181930000,0,Canterbury (North) - Ashbury,Ashbury
16303,10181940000,0,Earlwood,Earlwood
16304,10181950000,0,Canterbury (North) - Ashbury,Ashbury
16305,10181960000,0,Earlwood,Earlwood
16306,10181970000,0,Canterbury (North) - Ashbury,Canterbury
16307,10181980000,0,Earlwood,Earlwood
16308,10181990000,0,Earlwood,Earlwood
16309,10182000000,0,Earlwood,Earlwood
16310,10182010000,0,Earlwood,Earlwood
16311,10182020000,0,Earlwood,Earlwood
16312,10182030000,0,Earlwood,Earlwood
16313,10182040000,0,Earlwood,Earlwood
16314,10182050000,0,Earlwood,Earlwood
16315,10182060000,0,Earlwood,Earlwood
16316,10182070000,0,Earlwood,Earlwood
16317,10182080000,0,Earlwood,Earlwood
16318,10182090000,0,Earlwood,Earlwood
16319,10182100000,0,Earlwood,Earlwood
16320,10182110000,0,Earlwood,Earlwood
16321,10182120000,0,Canterbury (North) - Ashbury,Ashbury
16322,10182130000,0,Canterbury (North) - Ashbury,Ashbury
16323,10182140000,0,Canterbury (North) - Ashbury,Ashbury
16324,10182150000,0,Canterbury (North) - Ashbury,Canterbury
16325,10182160000,0,Canterbury (North) - Ashbury,Hurlstone Park
16336,10182280000,0,Belmore - Belfield,Belfield
16337,10182290000,0,Belmore - Belfield,Belfield
16338,10182300000,0,Belmore - Belfield,Belfield
16339,10182310000,0,Croydon Park - Enfield,Croydon Park
16340,10182320000,0,Canterbury (North) - Ashbury,Hurlstone Park
16341,10182330000,0,Canterbury (North) - Ashbury,Canterbury
16342,10182350000,0,Canterbury (North) - Ashbury,Ashbury
16343,10182360000,0,Canterbury (North) - Ashbury,Ashbury
16344,10182380000,0,Croydon Park - Enfield,Croydon Park
16345,10182400000,0,Campsie - North,Campsie
16346,10182420000,0,Campsie - South,Campsie
16352,10182530000,0,Belmore - Belfield,Belfield
16393,10183100000,0,Kingsgrove - North,Kingsgrove
16394,10183120000,0,Earlwood,Earlwood
16395,10183130000,0,Kingsgrove - North,Kingsgrove
16396,10183140000,0,Earlwood,Earlwood
16397,10183170000,0,Kingsgrove - North,Kingsgrove
16398,10183200000,0,Canterbury - South,Clemton Park
16399,10183230000,0,Canterbury - South,Clemton Park
16400,10183240000,0,Canterbury - South,Clemton Park
16417,10183450000,0,Campsie - South,Campsie
16418,10183460000,0,Campsie - South,Campsie
16419,10183500000,0,Earlwood,Earlwood
16420,10183510000,0,Earlwood,Earlwood
16421,10183530000,0,Canterbury - South,Canterbury
16422,10183540000,0,Canterbury - South,Canterbury
16423,10183550000,0,Canterbury - South,Canterbury
16424,10183570000,0,Earlwood,Earlwood
16425,10183580000,0,Earlwood,Earlwood
16426,10183590000,0,Earlwood,Earlwood
16427,10183600000,0,Earlwood,Earlwood
16428,10183610000,0,Earlwood,Earlwood
16429,10183630000,0,Earlwood,Earlwood
16430,10183660000,0,Earlwood,Earlwood
16431,10183670000,0,Earlwood,Earlwood
16432,10183680000,0,Earlwood,Earlwood
16433,10183690000,0,Earlwood,Earlwood
16434,10183700000,0,Earlwood,Earlwood
16435,10183710000,0,Earlwood,Earlwood
16436,10183720000,0,Earlwood,Earlwood
16437,10183730000,0,Earlwood,Earlwood
16438,10183740000,0,Earlwood,Earlwood
16439,10183750000,0,Earlwood,Earlwood
16440,10183760000,0,Earlwood,Earlwood
16441,10183770000,0,Earlwood,Earlwood
16442,10183780000,0,Earlwood,Earlwood
16443,10183790000,0,Earlwood,Earlwood
16444,10183800000,0,Earlwood,Earlwood
16445,10183810000,0,Earlwood,Earlwood
16446,10183830000,0,Earlwood,Earlwood
16447,10183840000,0,Earlwood,Earlwood
16448,10183850000,0,Earlwood,Earlwood
16449,10183870000,0,Earlwood,Earlwood
16450,10183880000,0,Earlwood,Earlwood
16451,10183890000,0,Earlwood,Earlwood
16452,10183900000,0,Earlwood,Earlwood
16453,10183920000,0,Earlwood,Earlwood
16454,10183932000,0,Earlwood,Earlwood
16455,10183940000,0,Earlwood,Earlwood
16456,10183950000,0,Earlwood,Earlwood
16457,10183960000,0,Earlwood,Earlwood
16458,10183970000,0,Earlwood,Earlwood
16459,10183980000,0,Earlwood,Earlwood
16460,10183990000,0,Earlwood,Earlwood
16461,10184000000,0,Earlwood,Earlwood
16462,10184010000,0,Earlwood,Earlwood
16463,10184020000,0,Earlwood,Earlwood
16464,10184030000,0,Earlwood,Earlwood
16465,10184040000,0,Earlwood,Earlwood
16466,10184050000,0,Canterbury (North) - Ashbury,Hurlstone Park
16467,10184060000,0,Canterbury (North) - Ashbury,Hurlstone Park
16468,10184070000,0,Earlwood,Earlwood
16469,10184080000,0,Earlwood,Earlwood
16470,10184090000,0,Canterbury - South,Canterbury
16471,10184110000,0,Canterbury (North) - Ashbury,Canterbury
16472,10184130000,0,Canterbury - South,Canterbury
16473,10184140000,0,Campsie - North,Campsie
16474,10184150000,0,Campsie - South,Campsie
16475,10184180000,0,Campsie - South,Campsie
16476,10184191000,0,Canterbury (North) - Ashbury,Hurlstone Park
16477,10184192000,0,Canterbury (North) - Ashbury,Hurlstone Park
16478,10184193000,0,Canterbury (North) - Ashbury,Hurlstone Park
16479,10184200000,0,Canterbury (North) - Ashbury,Hurlstone Park
16480,10184211000,0,Canterbury (North) - Ashbury,Hurlstone Park
16481,10184212000,0,Canterbury (North) - Ashbury,Hurlstone Park
16482,10184220000,0,Canterbury (North) - Ashbury,Ashbury
16483,10184230000,0,Campsie - North,Campsie
16484,10184240000,0,Campsie - North,Campsie
16485,10184250000,0,Campsie - North,Campsie
16486,10184260000,0,Campsie - North,Campsie
16487,10184270000,0,Campsie - North,Campsie
16488,10184340000,0,Belmore - Belfield,Belfield
16494,10184470000,0,Croydon Park - Enfield,Croydon Park
16495,10184480000,0,Croydon Park - Enfield,Croydon Park
16496,10184490000,0,Croydon Park - Enfield,Croydon Park
16497,10184500000,0,Croydon Park - Enfield,Croydon Park
16498,10184510000,0,Croydon Park - Enfield,Croydon Park
16499,10184520000,0,Croydon Park - Enfield,Croydon Park
16500,10184530000,0,Croydon Park - Enfield,Croydon Park
16501,10184540000,0,Croydon Park - Enfield,Croydon Park
16502,10184551000,0,Croydon Park - Enfield,Croydon Park
16503,10184552000,0,Croydon Park - Enfield,Croydon Park
16504,10184560000,0,Croydon Park - Enfield,Croydon Park
16505,10184570000,0,Croydon Park - Enfield,Croydon Park
16506,10184580000,0,Croydon Park - Enfield,Croydon Park
16507,10184590000,0,Croydon Park - Enfield,Croydon Park
16508,10184600000,0,Croydon Park - Enfield,Croydon Park
16509,10184610000,0,Croydon Park - Enfield,Croydon Park
16510,10184620000,0,Croydon Park - Enfield,Croydon Park
16511,10184630000,0,Croydon Park - Enfield,Croydon Park
16512,10184640000,0,Croydon Park - Enfield,Croydon Park
16513,10184650000,0,Croydon Park - Enfield,Croydon Park
16514,10184660000,0,Croydon Park - Enfield,Croydon Park
16515,10184670000,0,Croydon Park - Enfield,Croydon Park
16516,10184680000,0,Croydon Park - Enfield,Croydon Park
16517,10184690000,0,Croydon Park - Enfield,Croydon Park
16518,10184700000,0,Croydon Park - Enfield,Croydon Park
16519,10184710000,0,Croydon Park - Enfield,Croydon Park
16520,10184720000,0,Croydon Park - Enfield,Croydon Park
16521,10184730000,0,Croydon Park - Enfield,Croydon Park
16522,10184740000,0,Croydon Park - Enfield,Croydon Park
16523,10184750000,0,Croydon Park - Enfield,Croydon Park
16524,10184760000,0,Croydon Park - Enfield,Croydon Park
16525,10184770000,0,Croydon Park - Enfield,Croydon Park
16526,10184780000,0,Croydon Park - Enfield,Croydon Park
16527,10184790000,0,Croydon Park - Enfield,Croydon Park
16528,10184800000,0,Croydon Park - Enfield,Croydon Park
16529,10184810000,0,Croydon Park - Enfield,Croydon Park
16530,10184820000,0,Croydon Park - Enfield,Croydon Park
16531,10184830000,0,Croydon Park - Enfield,Croydon Park
16532,10184840000,0,Croydon Park - Enfield,Croydon Park
16533,10184850000,0,Croydon Park - Enfield,Croydon Park
16534,10184860000,0,Croydon Park - Enfield,Croydon Park
16535,10184870000,0,Croydon Park - Enfield,Croydon Park
16536,10184880000,0,Croydon Park - Enfield,Croydon Park
16537,10184890000,0,Croydon Park - Enfield,Croydon Park
16538,10184900000,0,Croydon Park - Enfield,Croydon Park
16539,10184910000,0,Canterbury (North) - Ashbury,Ashbury
16540,10184920000,0,Canterbury (North) - Ashbury,Ashbury
16541,10184930000,0,Canterbury (North) - Ashbury,Ashbury
16542,10184940000,0,Canterbury (North) - Ashbury,Ashbury
16543,10184950000,0,Canterbury (North) - Ashbury,Ashbury
16544,10184960000,0,Canterbury (North) - Ashbury,Ashbury
16545,10184970000,0,Canterbury (North) - Ashbury,Ashbury
16546,10184980000,0,Canterbury (North) - Ashbury,Ashbury
16547,10184990000,0,Canterbury (North) - Ashbury,Ashbury
16548,10185000000,0,Canterbury (North) - Ashbury,Ashbury
16549,10185010000,0,Canterbury (North) - Ashbury,Ashbury
16550,10185020000,0,Croydon Park - Enfield,Croydon Park
16551,10185050000,0,Canterbury (North) - Ashbury,Ashbury
16552,10185060000,0,Canterbury (North) - Ashbury,Ashbury
16553,10185070000,0,Canterbury (North) - Ashbury,Ashbury
16554,10185080000,0,Canterbury (North) - Ashbury,Ashbury
16555,10185090000,0,Canterbury (North) - Ashbury,Ashbury
16556,10185100000,0,Canterbury (North) - Ashbury,Canterbury
16557,10185110000,0,Canterbury (North) - Ashbury,Ashbury
16558,10185120000,0,Canterbury (North) - Ashbury,Ashbury
16559,10185130000,0,Canterbury (North) - Ashbury,Ashbury
16560,10185140000,0,Canterbury (North) - Ashbury,Ashbury
16561,10185150000,0,Canterbury (North) - Ashbury,Ashbury
16562,10185160000,0,Canterbury (North) - Ashbury,Ashbury
16563,10185170000,0,Canterbury (North) - Ashbury,Canterbury
16564,10185180000,0,Canterbury (North) - Ashbury,Canterbury
16565,10185190000,0,Canterbury (North) - Ashbury,Canterbury
16566,10185200000,0,Canterbury (North) - Ashbury,Canterbury
16567,10185210000,0,Canterbury (North) - Ashbury,Canterbury
16568,10185220000,0,Canterbury (North) - Ashbury,Canterbury
16569,10185230000,0,Canterbury (North) - Ashbury,Canterbury
16570,10185240000,0,Canterbury (North) - Ashbury,Canterbury
16571,10185250000,0,Canterbury (North) - Ashbury,Canterbury
16572,10185260000,0,Canterbury (North) - Ashbury,Canterbury
16573,10185270000,0,Canterbury (North) - Ashbury,Canterbury
16574,10185292000,0,Canterbury (North) - Ashbury,Canterbury
16575,10185301000,0,Canterbury (North) - Ashbury,Canterbury
16576,10185302000,0,Canterbury (North) - Ashbury,Canterbury
16577,10185310000,0,Canterbury (North) - Ashbury,Canterbury
16578,10185321000,0,Canterbury (North) - Ashbury,Canterbury
16579,10185322000,0,Canterbury (North) - Ashbury,Canterbury
16580,10185330000,0,Canterbury (North) - Ashbury,Canterbury
16581,10185340000,0,Canterbury (North) - Ashbury,Canterbury
16582,10185350000,0,Canterbury (North) - Ashbury,Canterbury
16583,10185360000,0,Canterbury (North) - Ashbury,Hurlstone Park
16584,10185370000,0,Canterbury (North) - Ashbury,Hurlstone Park
16585,10185380000,0,Canterbury (North) - Ashbury,Hurlstone Park
16586,10185390000,0,Canterbury (North) - Ashbury,Hurlstone Park
16587,10185410000,0,Canterbury (North) - Ashbury,Hurlstone Park
16588,10185430000,0,Canterbury (North) - Ashbury,Hurlstone Park
16589,10185440000,0,Canterbury (North) - Ashbury,Hurlstone Park
16590,10185450000,0,Canterbury (North) - Ashbury,Hurlstone Park
16591,10185480000,0,Canterbury (North) - Ashbury,Hurlstone Park
16592,10185490000,0,Canterbury (North) - Ashbury,Hurlstone Park
16593,10185500000,0,Canterbury (North) - Ashbury,Hurlstone Park
16594,10185510000,0,Canterbury (North) - Ashbury,Hurlstone Park
16595,10185520000,0,Canterbury (North) - Ashbury,Hurlstone Park
16596,10185530000,0,Canterbury (North) - Ashbury,Hurlstone Park
16597,10185540000,0,Canterbury (North) - Ashbury,Hurlstone Park
16598,10185550000,0,Canterbury (North) - Ashbury,Hurlstone Park
16599,10185560000,0,Canterbury (North) - Ashbury,Hurlstone Park
16600,10185570000,0,Canterbury (North) - Ashbury,Hurlstone Park
16601,10185580000,0,Canterbury (North) - Ashbury,Hurlstone Park
16602,10185590000,0,Canterbury (North) - Ashbury,Hurlstone Park
16603,10185610000,0,Canterbury (North) - Ashbury,Hurlstone Park
16604,10185620000,0,Canterbury (North) - Ashbury,Hurlstone Park
16605,10185630000,0,Belmore - Belfield,Belfield
16606,10185640000,0,Belmore - Belfield,Belfield
16607,10185651000,0,Belmore - Belfield,Belfield
16608,10185652000,0,Belmore - Belfield,Belfield
16609,10185653000,0,Belmore - Belfield,Belfield
16610,10185660000,0,Belmore - Belfield,Belfield
16611,10185670000,0,Belmore - Belfield,Belfield
16612,10185680000,0,Belmore - Belfield,Belfield
16613,10185690000,0,Belmore - Belfield,Belfield
16614,10185700000,0,Belmore - Belfield,Belfield
16615,10185710000,0,Belmore - Belfield,Belfield
16617,10185730000,0,Belmore - Belfield,Belfield
16622,10185780000,0,Belmore - Belfield,Belfield
16623,10185790000,0,Belmore - Belfield,Belfield
16625,10185810000,0,Belmore - Belfield,Belfield
16626,10185820000,0,Belmore - Belfield,Belfield
16645,10186030000,0,Campsie - North,Campsie
16646,10186050000,0,Campsie - North,Campsie
16647,10186060000,0,Campsie - North,Campsie
16648,10186080000,0,Campsie - North,Campsie
16649,10186090000,0,Campsie - North,Campsie
16650,10186100000,0,Campsie - North,Campsie
16651,10186110000,0,Campsie - North,Campsie
16652,10186130000,0,Campsie - North,Campsie
16653,10186140000,0,Campsie - North,Campsie
16654,10186160000,0,Campsie - North,Campsie
16655,10186170000,0,Campsie - North,Campsie
16656,10186180000,0,Campsie - North,Campsie
16657,10186190000,0,Campsie - North,Campsie
16661,10186230000,0,Campsie - North,Campsie
16662,10186240000,0,Campsie - North,Campsie
16665,10186270000,0,Campsie - North,Campsie
16666,10186280000,0,Campsie - North,Campsie
16667,10186300000,0,Campsie - North,Campsie
16668,10186310000,0,Campsie - North,Campsie
16669,10186320000,0,Campsie - North,Campsie
16670,10186330000,0,Campsie - North,Campsie
16671,10186340000,0,Campsie - North,Campsie
16672,10186350000,0,Campsie - North,Campsie
16673,10186360000,0,Campsie - North,Campsie
16674,10186370000,0,Campsie - North,Campsie
16675,10186390000,0,Campsie - North,Campsie
16676,10186400000,0,Campsie - North,Campsie
16688,10186540000,0,Campsie - North,Campsie
16690,10186561000,0,Campsie - North,Campsie
16691,10186562000,0,Campsie - North,Campsie
16692,10186563000,0,Campsie - North,Campsie
16693,10186564000,0,Campsie - North,Campsie
16694,10186570000,0,Campsie - North,Campsie
16695,10186582000,0,Campsie - North,Campsie
16696,10186590000,0,Campsie - North,Campsie
16697,10186600000,0,Campsie - North,Campsie
16698,10186610000,0,Campsie - North,Campsie
16699,10186620000,0,Campsie - North,Campsie
16700,10186630000,0,Campsie - North,Campsie
16701,10186640000,0,Campsie - North,Campsie
16702,10186650000,0,Campsie - North,Campsie
16703,10186660000,0,Campsie - North,Campsie
16704,10186670000,0,Campsie - North,Campsie
16705,10186680000,0,Campsie - North,Campsie
16706,10186690000,0,Campsie - North,Campsie
16707,10186700000,0,Campsie - North,Campsie
16708,10186710000,0,Campsie - North,Campsie
16709,10186720000,0,Campsie - North,Campsie
16710,10186730000,0,Campsie - North,Campsie
16711,10186740000,0,Campsie - North,Campsie
16712,10186750000,0,Campsie - North,Campsie
16713,10186780000,0,Campsie - North,Campsie
16714,10186790000,0,Campsie - North,Campsie
16715,10186800000,0,Campsie - North,Campsie
16716,10186810000,0,Campsie - North,Campsie
16793,10187601000,0,Campsie - South,Campsie
16794,10187603000,0,Campsie - South,Campsie
16795,10187604000,0,Campsie - South,Campsie
16796,10187611000,0,Campsie - South,Campsie
16797,10187612000,0,Campsie - South,Campsie
16798,10187621000,0,Campsie - South,Campsie
16799,10187622000,0,Campsie - South,Campsie
16800,10187630000,0,Campsie - South,Campsie
16801,10187650000,0,Campsie - South,Campsie
16802,10187660000,0,Campsie - South,Campsie
16803,10187670000,0,Campsie - South,Campsie
16804,10187680000,0,Campsie - South,Campsie
16805,10187690000,0,Campsie - South,Campsie
16806,10187700000,0,Campsie - South,Campsie
16807,10187710000,0,Campsie - South,Campsie
16813,10187810000,0,Campsie - South,Campsie
16818,10187860000,0,Campsie - South,Campsie
16819,10187870000,0,Campsie - South,Campsie
16820,10187880000,0,Campsie - South,Campsie
16821,10187890000,0,Campsie - South,Campsie
16822,10187900000,0,Campsie - South,Campsie
16823,10187910000,0,Campsie - South,Campsie
16824,10187920000,0,Campsie - South,Campsie
16825,10187930000,0,Campsie - South,Campsie
16826,10187940000,0,Campsie - South,Campsie
16827,10187960000,0,Campsie - South,Campsie
16828,10187970000,0,Campsie - South,Campsie
16829,10187980000,0,Campsie - South,Campsie
16830,10187990000,0,Campsie - South,Campsie
16831,10188000000,0,Campsie - South,Campsie
16832,10188010000,0,Campsie - South,Campsie
16833,10188020000,0,Campsie - South,Campsie
16834,10188030000,0,Campsie - South,Campsie
16835,10188040000,0,Campsie - South,Campsie
16836,10188050000,0,Campsie - South,Campsie
16837,10188060000,0,Campsie - South,Campsie
16838,10188070000,0,Campsie - South,Campsie
16839,10188080000,0,Campsie - South,Campsie
16840,10188090000,0,Campsie - South,Campsie
16841,10188100000,0,Campsie - South,Campsie
16842,10188110000,0,Campsie - South,Campsie
16843,10188120000,0,Campsie - South,Campsie
16844,10188130000,0,Campsie - South,Campsie
16845,10188140000,0,Campsie - South,Campsie
16846,10188151000,0,Campsie - South,Campsie
16847,10188152000,0,Campsie - South,Campsie
16848,10188163000,0,Campsie - South,Campsie
16849,10188164000,0,Campsie - South,Campsie
16850,10188170000,0,Campsie - South,Campsie
16851,10188180000,0,Campsie - South,Campsie
16852,10188190000,0,Campsie - South,Campsie
16853,10188200000,0,Campsie - South,Campsie
16854,10188210000,0,Campsie - South,Campsie
16855,10188220000,0,Campsie - South,Campsie
16856,10188240000,0,Campsie - South,Campsie
16857,10188250000,0,Campsie - South,Campsie
16858,10188260000,0,Campsie - South,Campsie
16859,10188270000,0,Campsie - South,Campsie
16860,10188290000,0,Campsie - South,Campsie
16861,10188300000,0,Campsie - South,Campsie
16863,10188320000,0,Campsie - South,Campsie
16865,10188340000,0,Campsie - South,Campsie
16877,10188470000,0,Canterbury - South,Campsie
16878,10188480000,0,Canterbury - South,Campsie
16879,10188490000,0,Canterbury - South,Campsie
16880,10188500000,0,Canterbury - South,Campsie
16881,10188510000,0,Canterbury - South,Campsie
16882,10188520000,0,Canterbury - South,Campsie
16883,10188530000,0,Canterbury - South,Campsie
16884,10188540000,0,Canterbury - South,Campsie
16885,10188550000,0,Canterbury - South,Campsie
16886,10188560000,0,Canterbury - South,Campsie
16887,10188570000,0,Canterbury - South,Campsie
17461,10194820000,0,Kingsgrove - North,Kingsgrove
17467,10194870000,0,Kingsgrove - North,Kingsgrove
17468,10194880000,0,Kingsgrove - North,Kingsgrove
17469,10194890000,0,Kingsgrove - North,Kingsgrove
17470,10194900000,0,Kingsgrove - North,Kingsgrove
17471,10194910000,0,Kingsgrove - North,Kingsgrove
17472,10194920000,0,Kingsgrove - North,Kingsgrove
17473,10194930000,0,Kingsgrove - North,Kingsgrove
17474,10194940000,0,Kingsgrove - North,Kingsgrove
17475,10194950000,0,Kingsgrove - North,Kingsgrove
17476,10194960000,0,Kingsgrove - North,Kingsgrove
17477,10194990000,0,Kingsgrove - North,Kingsgrove
17478,10195000000,0,Kingsgrove - North,Kingsgrove
17479,10195020000,0,Canterbury - South,Canterbury
17480,10195030000,0,Canterbury - South,Canterbury
17481,10195040000,0,Canterbury - South,Canterbury
17482,10195050000,0,Canterbury - South,Canterbury
17483,10195060000,0,Canterbury - South,Canterbury
17484,10195070000,0,Canterbury - South,Canterbury
17485,10195080000,0,Canterbury - South,Canterbury
17486,10195090000,0,Campsie - South,Campsie
17487,10195101000,0,Canterbury - South,Canterbury
17488,10195102000,0,Canterbury - South,Canterbury
17489,10195103000,0,Canterbury - South,Canterbury
17490,10195112000,0,Canterbury - South,Canterbury
17491,10195120000,0,Canterbury - South,Canterbury
17492,10195130000,0,Canterbury - South,Canterbury
17493,10195140000,0,Canterbury - South,Canterbury
17494,10195150000,0,Canterbury - South,Canterbury
17495,10195160000,0,Canterbury - South,Canterbury
17496,10195180000,0,Canterbury - South,Canterbury
17497,10195190000,0,Canterbury - South,Canterbury
17498,10195200000,0,Canterbury - South,Canterbury
17499,10195220000,0,Canterbury - South,Canterbury
17500,10195230000,0,Canterbury - South,Canterbury
17501,10195240000,0,Canterbury - South,Canterbury
17502,10195250000,0,Canterbury - South,Canterbury
17503,10195260000,0,Canterbury - South,Canterbury
17504,10195270000,0,Canterbury - South,Canterbury
17505,10195280000,0,Canterbury - South,Canterbury
17506,10195320000,0,Canterbury - South,Canterbury
17507,10195330000,0,Canterbury - South,Canterbury
17508,10195340000,0,Earlwood,Earlwood
17509,10195351000,0,Earlwood,Earlwood
17510,10195352000,0,Earlwood,Earlwood
17511,10195360000,0,Earlwood,Earlwood
17512,10195371000,0,Earlwood,Earlwood
17513,10195372000,0,Earlwood,Earlwood
17514,10195380000,0,Earlwood,Earlwood
17515,10195390000,0,Earlwood,Earlwood
17516,10195401000,0,Earlwood,Earlwood
17517,10195402000,0,Earlwood,Earlwood
17518,10195420000,0,Earlwood,Earlwood
17519,10195430000,0,Earlwood,Earlwood
17520,10195440000,0,Earlwood,Earlwood
17521,10195450000,0,Earlwood,Earlwood
17522,10195460000,0,Earlwood,Earlwood
17523,10195470000,0,Earlwood,Earlwood
17524,10195480000,0,Earlwood,Earlwood
17525,10195490000,0,Earlwood,Earlwood
17526,10195500000,0,Earlwood,Earlwood
17527,10195520000,0,Earlwood,Earlwood
17528,10195530000,0,Earlwood,Earlwood
17529,10195540000,0,Earlwood,Earlwood
17530,10195560000,0,Earlwood,Earlwood
17531,10195570000,0,Earlwood,Earlwood
17532,10195580000,0,Earlwood,Earlwood
17533,10195590000,0,Earlwood,Earlwood
17534,10195600000,0,Earlwood,Earlwood
17535,10195610000,0,Earlwood,Earlwood
17536,10195630000,0,Earlwood,Earlwood
17537,10195640000,0,Earlwood,Earlwood
17538,10195650000,0,Earlwood,Earlwood
17539,10195660000,0,Earlwood,Earlwood
17540,10195680000,0,Earlwood,Earlwood
17541,10195690000,0,Earlwood,Earlwood
17542,10195700000,0,Earlwood,Earlwood
17543,10195710000,0,Earlwood,Earlwood
17544,10195720000,0,Earlwood,Earlwood
17545,10195730000,0,Earlwood,Earlwood
17546,10195740000,0,Earlwood,Earlwood
17547,10195750000,0,Earlwood,Earlwood
17548,10195760000,0,Earlwood,Earlwood
17549,10195770000,0,Earlwood,Earlwood
17550,10195780000,0,Earlwood,Earlwood
17551,10195790000,0,Earlwood,Earlwood
17552,10195800000,0,Earlwood,Earlwood
17553,10195811000,0,Earlwood,Earlwood
17554,10195812000,0,Earlwood,Earlwood
17555,10195820000,0,Earlwood,Earlwood
17556,10195830000,0,Earlwood,Earlwood
17557,10195840000,0,Earlwood,Earlwood
17558,10195850000,0,Earlwood,Earlwood
17559,10195860000,0,Earlwood,Earlwood
17560,10195870000,0,Earlwood,Earlwood
17561,10195880000,0,Earlwood,Earlwood
17562,10195890000,0,Earlwood,Earlwood
17563,10195900000,0,Earlwood,Earlwood
17564,10195910000,0,Earlwood,Earlwood
17565,10195920000,0,Earlwood,Earlwood
17566,10195930000,0,Earlwood,Earlwood
17567,10195940000,0,Earlwood,Earlwood
17568,10195950000,0,Earlwood,Earlwood
17569,10195960000,0,Earlwood,Earlwood
17570,10195971000,0,Earlwood,Earlwood
17571,10195972000,0,Earlwood,Earlwood
17572,10195980000,0,Earlwood,Earlwood
17573,10195991000,0,Earlwood,Earlwood
17574,10195992000,0,Earlwood,Earlwood
17575,10195993000,0,Earlwood,Earlwood
17576,10196001000,0,Earlwood,Earlwood
17577,10196002000,0,Earlwood,Earlwood
17578,10196003000,0,Earlwood,Earlwood
17579,10196010000,0,Earlwood,Earlwood
17580,10196020000,0,Earlwood,Earlwood
17581,10196031000,0,Earlwood,Earlwood
17582,10196032000,0,Earlwood,Earlwood
17583,10196042000,0,Earlwood,Earlwood
17584,10196060000,0,Earlwood,Earlwood
17585,10196070000,0,Earlwood,Earlwood
17586,10196080000,0,Earlwood,Earlwood
17587,10196091000,0,Earlwood,Earlwood
17588,10196092000,0,Earlwood,Earlwood
17589,10196100000,0,Earlwood,Earlwood
17590,10196110000,0,Earlwood,Earlwood
17591,10196120000,0,Earlwood,Earlwood
17592,10196130000,0,Earlwood,Earlwood
17593,10196140000,0,Earlwood,Earlwood
17594,10196150000,0,Earlwood,Earlwood
17595,10196160000,0,Earlwood,Earlwood
17596,10196170000,0,Earlwood,Earlwood
17597,10196180000,0,Earlwood,Earlwood
17598,10196190000,0,Earlwood,Earlwood
17599,10196200000,0,Earlwood,Earlwood
17600,10196210000,0,Earlwood,Earlwood
17601,10196220000,0,Earlwood,Earlwood
17602,10196250000,0,Canterbury (North) - Ashbury,Hurlstone Park
17603,10196260000,0,Canterbury (North) - Ashbury,Hurlstone Park
17604,10196270000,0,Canterbury (North) - Ashbury,Hurlstone Park
17605,10196280000,0,Canterbury (North) - Ashbury,Hurlstone Park
17606,10196290000,0,Canterbury (North) - Ashbury,Hurlstone Park
17607,10196300000,0,Canterbury (North) - Ashbury,Hurlstone Park
17608,10196310000,0,Canterbury (North) - Ashbury,Hurlstone Park
17609,10196320000,0,Canterbury (North) - Ashbury,Hurlstone Park
17610,10196330000,0,Canterbury (North) - Ashbury,Hurlstone Park
17611,10196340000,0,Canterbury (North) - Ashbury,Hurlstone Park
17612,10196350000,0,Canterbury (North) - Ashbury,Hurlstone Park
17613,10196360000,0,Canterbury (North) - Ashbury,Hurlstone Park
17614,10196370000,0,Canterbury (North) - Ashbury,Hurlstone Park
17615,10196380000,0,Canterbury (North) - Ashbury,Hurlstone Park
17616,10196390000,0,Earlwood,Earlwood
17617,10196401000,0,Earlwood,Earlwood
17618,10196402000,0,Earlwood,Earlwood
17619,10196410000,0,Earlwood,Earlwood
17620,10196420000,0,Earlwood,Earlwood
17621,10196432000,0,Canterbury (North) - Ashbury,Canterbury
17622,10196433000,0,Canterbury (North) - Ashbury,Canterbury
17631,10196532000,0,Canterbury - South,Canterbury
17632,10196533000,0,Canterbury - South,Canterbury
17633,10196534000,0,Canterbury - South,Canterbury
17634,10196535000,0,Canterbury - South,Canterbury
17635,10196536000,0,Canterbury - South,Canterbury
17639,10196570000,0,Kingsgrove - North,Kingsgrove
17640,10196580000,0,Kingsgrove - North,Kingsgrove
17641,10196590000,0,Kingsgrove - North,Kingsgrove
17642,10196600000,0,Canterbury - South,Kingsgrove
17643,10196610000,0,Kingsgrove - North,Kingsgrove
47738,10514651000,0,Dulwich Hill - Lewisham,Hurlstone Park
47739,10514652000,0,Dulwich Hill - Lewisham,Hurlstone Park
47741,10514690000,0,Dulwich Hill - Lewisham,Hurlstone Park
47742,10514700000,0,Dulwich Hill - Lewisham,Hurlstone Park
47743,10514710000,0,Dulwich Hill - Lewisham,Hurlstone Park
47754,10514820000,0,Dulwich Hill - Lewisham,Hurlstone Park
47759,10514900000,0,Dulwich Hill - Lewisham,Hurlstone Park
47766,10514980000,0,Marrickville - South,Earlwood
47936,10516640000,0,Marrickville - South,Earlwood
47943,10516700000,0,Dulwich Hill - Lewisham,Earlwood
61384,10659150000,0,Wolli Creek,Earlwood
61427,10659600000,0,Kingsgrove (South) - Bardwell Park,Kingsgrove
61429,10659620000,0,Kingsgrove (South) - Bardwell Park,Earlwood
61452,10659850000,0,Kingsgrove (South) - Bardwell Park,Earlwood
61702,10663170000,0,Kingsgrove (South) - Bardwell Park,Earlwood
61768,10663700000,0,Arncliffe - Bardwell Valley,Earlwood
61881,10664791000,0,Kingsgrove (South) - Bardwell Park,Kingsgrove
61882,10664792000,0,Kingsgrove (South) - Bardwell Park,Kingsgrove
61883,10664793000,0,Kingsgrove (South) - Bardwell Park,Kingsgrove
61971,10665741000,0,Arncliffe - Bardwell Valley,Earlwood
62381,10670160000,0,Kingsgrove (South) - Bardwell Park,Kingsgrove
62382,10670170000,0,Kingsgrove (South) - Bardwell Park,Kingsgrove
66442,10713750000,0,Belmore - Belfield,Belfield
66448,10713820000,0,Belmore - Belfield,Belfield
66479,10714150000,0,Belmore - Belfield,Belfield
66480,10714160000,0,Belmore - Belfield,Belfield
66489,10714250000,0,Strathfield South,Belfield
66690,10716590000,0,Belmore - Belfield,Belfield
66693,10716620000,0,Belmore - Belfield,Belfield
66694,10716630000,0,Belmore - Belfield,Belfield
91313,10992070000,0,Croydon Park - Enfield,Campsie
91314,10992080000,0,Croydon Park - Enfield,Campsie
91529,10994540000,0,Kingsgrove (South) - Bardwell Park,Earlwood
91533,10994580000,0,Kingsgrove (South) - Bardwell Park,Earlwood
91580,10995231000,0,Belmore - Belfield,Belfield
91993,11000000000,0,Croydon Park - Enfield,Croydon Park
91994,11000010000,0,Croydon Park - Enfield,Croydon Park
91995,11000020000,0,Croydon Park - Enfield,Croydon Park
91996,11000030000,0,Croydon Park - Enfield,Croydon Park
91997,11000040000,0,Canterbury (North) - Ashbury,Canterbury
92013,11000200000,0,Canterbury (North) - Ashbury,Canterbury
92014,11000210000,0,Canterbury (North) - Ashbury,Canterbury
92015,11000220000,0,Canterbury (North) - Ashbury,Hurlstone Park
92016,11000230000,0,Canterbury (North) - Ashbury,Hurlstone Park
92017,11000240000,0,Earlwood,Earlwood
92018,11000260000,0,Earlwood,Earlwood
92019,11000270000,0,Earlwood,Earlwood
92020,11000280000,0,Earlwood,Earlwood
92021,11000290000,0,Earlwood,Earlwood
92022,11000310000,0,Canterbury - South,Canterbury
92023,11000330000,0,Earlwood,Earlwood
92024,11000360000,0,Earlwood,Earlwood
92025,11000370000,0,Earlwood,Earlwood
92026,11000380000,0,Earlwood,Earlwood
92027,11000390000,0,Kingsgrove - North,Kingsgrove
92028,11000400000,0,Earlwood,Earlwood
92029,11000410000,0,Earlwood,Earlwood
92030,11000420000,0,Earlwood,Earlwood
92032,11000440000,0,Earlwood,Earlwood
92033,11000450000,0,Canterbury (North) - Ashbury,Hurlstone Park
92034,11000460000,0,Earlwood,Earlwood
92035,11000470000,0,Earlwood,Earlwood
92036,11000480000,0,Canterbury (North) - Ashbury,Hurlstone Park
92037,11000490000,0,Earlwood,Earlwood
92038,11000500000,0,Canterbury (North) - Ashbury,Hurlstone Park
92039,11000510000,0,Earlwood,Earlwood
92040,11000540000,0,Earlwood,Earlwood
92041,11000580000,0,Earlwood,Earlwood
92042,11000590000,0,Canterbury - South,Canterbury
92043,11000620000,0,Earlwood,Earlwood
92044,11000660000,0,Canterbury - South,Canterbury
92045,11000690000,0,Canterbury (North) - Ashbury,Canterbury
92046,11000700000,0,Kingsgrove - North,Kingsgrove
92047,11000710000,0,Kingsgrove - North,Kingsgrove
92048,11000730000,0,Campsie - North,Campsie
92049,11000740000,0,Croydon Park - Enfield,Croydon Park
92050,11000750000,0,Croydon Park - Enfield,Croydon Park
92051,11000760000,0,Croydon Park - Enfield,Croydon Park
92052,11000770000,0,Croydon Park - Enfield,Croydon Park
92059,11000870000,0,Kingsgrove - North,Kingsgrove
92060,11000880000,0,Kingsgrove - North,Kingsgrove
92063,11000960000,0,Belmore - Belfield,Belfield
92074,11001150000,0,Earlwood,Earlwood
92075,11001170000,0,Earlwood,Earlwood
92938,11012340000,0,Earlwood,Earlwood
92939,11012360000,0,Earlwood,Earlwood
92942,11012410000,0,Marrickville - South,Earlwood
92943,11012420000,0,Marrickville - South,Earlwood
92944,11012430000,0,Marrickville - South,Earlwood
92946,11012450000,0,Marrickville - South,Earlwood
92947,11012460000,0,Marrickville - South,Earlwood
95833,11204596500,0,Canterbury (North) - Ashbury,Canterbury
95834,11204596600,0,Canterbury (North) - Ashbury,Canterbury
96918,11204708500,0,Canterbury - South,Clemton Park
97417,11204759200,0,Canterbury - South,Clemton Park
97572,11204775300,0,Earlwood,Earlwood
97619,11204780200,0,Campsie - South,Campsie
97621,11204780400,0,Kingsgrove - North,Kingsgrove
97800,11204798400,0,Canterbury - South,Canterbury
97801,11204798500,0,Campsie - North,Campsie
97911,11204809500,0,Canterbury - South,Clemton Park
98088,11204827500,0,Earlwood,Earlwood
98727,11204892800,0,Croydon Park - Enfield,Croydon Park
98836,11204903900,0,Canterbury - South,Canterbury
98986,11204919600,0,Campsie - South,Campsie
99161,11204937500,0,Croydon Park - Enfield,Croydon Park
99415,11204963300,0,Canterbury - South,Canterbury
100337,11205057100,0,Campsie - South,Campsie
100601,11205084600,0,Ashfield - South,Ashbury
100751,11205099800,0,Campsie - South,Campsie
100752,11205099900,0,Campsie - South,Campsie
101000,11205125200,0,Earlwood,Earlwood
101091,11205134700,0,Earlwood,Earlwood
101093,11205134900,0,Campsie - North,Campsie
101136,11205139200,0,Campsie - North,Campsie
101190,11205144700,0,Campsie - North,Campsie
101191,11205144800,0,Campsie - North,Campsie
101192,11205144900,0,Campsie - North,Campsie
101207,11205146400,0,Campsie - North,Campsie
101279,11205153800,0,Canterbury - South,Campsie
101283,11205154200,0,Canterbury - South,Campsie
101284,11205154300,0,Canterbury - South,Campsie
101319,11205157900,0,Canterbury - South,Canterbury
101320,11205158000,0,Canterbury - South,Canterbury
101330,11205159000,0,Campsie - North,Campsie
101398,11205166200,0,Campsie - North,Campsie
101443,11205170900,0,Canterbury - South,Canterbury
101580,11205185100,0,Canterbury - South,Clemton Park
101657,11205192900,0,Canterbury - South,Clemton Park
101685,11205195700,0,Canterbury - South,Campsie
101745,11205201700,0,Canterbury - South,Clemton Park
102460,11205275700,0,Kingsgrove - North,Kingsgrove
103416,11205376000,0,Canterbury - South,Campsie
103417,11205376100,0,Canterbury - South,Canterbury
103462,11205380900,0,Canterbury - South,Clemton Park
103478,11205382700,0,Campsie - North,Campsie
103479,11205382800,0,Canterbury - South,Clemton Park
103480,11205382900,0,Campsie - South,Campsie
103694,11205405200,0,Campsie - South,Campsie
104321,11205469200,0,Canterbury - South,Campsie
104322,11205469300,0,Campsie - South,Campsie
104323,11205469400,0,Campsie - South,Campsie
104625,11205500100,0,Kingsgrove - North,Kingsgrove
104626,11205500200,0,Earlwood,Earlwood
104627,11205500300,0,Kingsgrove - North,Kingsgrove
104706,11205508300,0,Earlwood,Earlwood
104758,11205513500,0,Earlwood,Earlwood
104759,11205513600,0,Earlwood,Earlwood
104864,11205524400,0,Earlwood,Earlwood
104865,11205524500,0,Earlwood,Earlwood
104866,11205524600,0,Earlwood,Earlwood
104867,11205524700,0,Earlwood,Earlwood
104868,11205524800,0,Earlwood,Earlwood
104886,11205526600,0,Croydon Park - Enfield,Croydon Park
104887,11205526700,0,Earlwood,Earlwood
105741,11205616800,0,Earlwood,Earlwood
105979,11205641400,0,Campsie - North,Campsie
106014,11205644900,0,Canterbury - South,Clemton Park
107054,11205751600,0,Canterbury - South,Canterbury
107855,11205836400,0,Canterbury - South,Clemton Park
107915,11205842700,0,Kingsgrove - North,Kingsgrove
107926,11205843900,0,Earlwood,Earlwood
108761,11211070000,1,Canterbury (North) - Ashbury,Hurlstone Park
108762,11211080000,1,Canterbury (North) - Ashbury,Hurlstone Park
108763,11211090000,1,Canterbury (North) - Ashbury,Canterbury
108764,11211100000,1,Canterbury (North) - Ashbury,Canterbury
108765,11211110000,1,Canterbury (North) - Ashbury,Canterbury
108820,11211660000,1,Canterbury (North) - Ashbury,Canterbury
108821,11211670000,1,Canterbury (North) - Ashbury,Canterbury
108827,11211730000,1,Canterbury (North) - Ashbury,Hurlstone Park
108828,11211740000,1,Canterbury (North) - Ashbury,Hurlstone Park
108829,11211750000,1,Canterbury (North) - Ashbury,Canterbury
108831,11211770000,1,Canterbury (North) - Ashbury,Hurlstone Park
109744,11220900000,1,Dulwich Hill - Lewisham,Hurlstone Park
109819,11221650000,1,Dulwich Hill - Lewisham,Hurlstone Park
109820,11221660000,1,Dulwich Hill - Lewisham,Hurlstone Park
110431,11227770000,1,Canterbury - South,Canterbury
110432,11227780000,1,Canterbury - South,Canterbury
110433,11227790000,1,Canterbury - South,Canterbury
110447,11227930000,1,Canterbury - South,Canterbury
110533,11228790000,1,Canterbury (North) - Ashbury,Hurlstone Park
110717,11230630000,1,Canterbury (North) - Ashbury,Hurlstone Park
110827,11231730000,1,Canterbury (North) - Ashbury,Canterbury
110893,11232390000,1,Canterbury (North) - Ashbury,Canterbury
110932,11232780000,1,Canterbury (North) - Ashbury,Canterbury
110943,11232890000,1,Canterbury (North) - Ashbury,Canterbury
110944,11232900000,1,Canterbury (North) - Ashbury,Canterbury
111463,11238090000,1,Campsie - North,Campsie
111464,11238100000,1,Campsie - North,Campsie
111503,11238490000,1,Campsie - North,Campsie
210036,11205066900,0,Bankstown - North,Bankstown
206434,10042560000,0,Yagoona - Birrong,Bankstown
173454,10185293000,0,Canterbury (North) - Ashbury,Canterbury
251456,10185420000,0,Canterbury (North) - Ashbury,Hurlstone Park
298611,11205588700,0,,Canterbury
251535,10185280000,0,Canterbury (North) - Ashbury,Canterbury
171996,10514640000,0,Canterbury (North) - Ashbury,Hurlstone Park
184829,10185400000,0,Canterbury (North) - Ashbury,Hurlstone Park
202841,10031840000,0,Chullora,Yagoona
221360,10188975000,0,Belmore - Belfield,Belmore
327832,10037210000,0,Bankstown - South,Bankstown
201854,10196537000,0,Canterbury (South) - Campsie,Canterbury
202914,11023051000,0,Panania - Milperra - Picnic Point,East Hills
330648,10195111000,0,Canterbury (South) - Campsie,Canterbury
343748,10186071000,0,Croydon Park - Enfield,Campsie
165124,10185460000,0,Dulwich Hill - Lewisham,Hurlstone Park
339293,10196240000,0,Canterbury (North) - Ashbury,Canterbury
67682,11204595200,0,Canterbury (North) - Ashbury,Canterbury
164004,10189100000,0,Belmore - Belfield,Belmore
189716,10042440000,0,Yagoona - Birrong,Yagoona
169067,10035850000,0,Bankstown - North,Bankstown
207126,10042840000,0,Yagoona - Birrong,Yagoona
172002,10195170000,0,Canterbury (South) - Campsie,Canterbury
146383,10037240000,0,Bankstown - South,Bankstown
234016,10037220000,0,Bankstown - South,Bankstown
164244,10037230000,0,Bankstown - South,Bankstown
189409,10046280000,0,Panania - Milperra - Picnic Point,East Hills
338348,10188681000,0,Belmore - Belfield,Belmore
187483,10031750000,0,Greenacre - Mount Lewis,Greenacre
171132,11204834200,0,Bankstown - North,Bankstown
196632,10187320000,0,Belmore - Belfield,Belmore
334191,10033250000,0,Greenacre - Mount Lewis,Greenacre
278862,10192671000,0,Riverwood,Riverwood
176186,11204864500,0,Bankstown - South,Bankstown
